Source_ID,Name,Category,Status,Review_State,Publisher_Domain,Feed_URL,Items_24h,Items_Total,Avg_Latency_ms,Last_HTTP_Status,Consecutive_Failures,Last_Success_At,Latest_Publication_At,Last_Error
dark-web-ransomware-leaks,Dark Web: Ransomware Leaks,Dark Web & Ransomware,healthy,approved,ransomware.live,https://www.ransomware.live/rss,311,311,451,200,0,2026-10-04T09:55:31.736Z,2026-09-29T10:37:35.000Z,
dark-feed,Dark Feed,Dark Web & Ransomware,healthy,approved,darkfeed.io,https://darkfeed.io/feed/,20,20,280,200,0,2026-10-04T09:55:31.736Z,"Wed, 22 Jul 2026 15:35:35 +0000",
tor-project-blog,TOR Project Blog,Dark Web & Ransomware,healthy,approved,blog.torproject.org,https://blog.torproject.org/feed.xml,30,30,482,200,0,2026-10-04T09:55:31.736Z,2026-09-22T00:00:00.000Z,
the-hacker-news,The Hacker News,Cybersecurity News,healthy,approved,feeds.feedburner.com,https://feeds.feedburner.com/TheHackersNews,126,126,363,200,0,2026-10-04T09:55:31.736Z,2026-09-29T08:35:10.000Z,
bleepingcomputer,BleepingComputer,Cybersecurity News,healthy,approved,bleepingcomputer.com,https://www.bleepingcomputer.com/feed/,36,36,280,200,0,2026-10-04T09:55:31.736Z,2026-09-29T09:04:06.000Z,
krebs-on-security,Krebs on Security,Investigative,healthy,approved,krebsonsecurity.com,https://krebsonsecurity.com/feed/,12,12,273,200,0,2026-10-04T09:55:31.736Z,2026-09-28T15:08:57.000Z,
dark-reading,Dark Reading,Cybersecurity News,healthy,approved,darkreading.com,https://www.darkreading.com/rss.xml,93,93,637,200,0,2026-10-04T09:55:31.736Z,2026-09-28T21:13:04.000Z,
securityweek,SecurityWeek,Cybersecurity News,healthy,approved,securityweek.com,https://www.securityweek.com/feed/,24,24,654,200,0,2026-10-04T09:55:31.736Z,2026-09-29T09:46:13.000Z,
the-record,The Record,Cybersecurity News,healthy,approved,therecord.media,https://therecord.media/feed/,19,19,470,200,0,2026-10-04T09:55:31.736Z,2026-09-28T19:30:00.000Z,
cisa-current-activity,CISA Current Activity,Government & CERT,healthy,approved,cisa.gov,https://www.cisa.gov/uscert/ncas/current-activity.xml,40,40,339,200,0,2026-10-04T09:55:31.736Z,"Sun, 27 Sep 26 12:00:00 +0000",
cisa-alerts,CISA Alerts,Government & CERT,healthy,approved,cisa.gov,https://www.cisa.gov/uscert/ncas/alerts.xml,10,10,677,200,0,2026-10-04T09:55:31.736Z,"Fri, 04 Sep 2026 12:12:28 EDT",
us-cert-bulletins,US-CERT Bulletins,Government & CERT,healthy,approved,cisa.gov,https://www.cisa.gov/cybersecurity-advisories/bulletins.xml,12,12,4127,200,0,2026-10-04T09:55:31.736Z,2026-09-28T11:32:46.000Z,
unit-42-palo-alto,Unit 42 (Palo Alto),Vendor Security Research,healthy,approved,unit42.paloaltonetworks.com,https://unit42.paloaltonetworks.com/feed/,18,18,139,200,0,2026-10-04T09:55:31.736Z,2026-09-29T10:00:48.000Z,
microsoft-security-blog,Microsoft Security Blog,Vendor Security Research,healthy,approved,microsoft.com,https://www.microsoft.com/security/blog/feed/,15,15,3521,200,0,2026-10-04T09:55:31.736Z,2026-09-28T15:00:00.000Z,
microsoft-msrc,Microsoft MSRC,Vendor Security Research,healthy,approved,msrc.microsoft.com,https://msrc.microsoft.com/feed,17,17,302,200,0,2026-10-04T09:55:31.736Z,"Thu, 26 May 2022 13:54:53 -0700",
google-project-zero,Google Project Zero,Vendor Security Research,healthy,approved,googleprojectzero.blogspot.com,https://googleprojectzero.blogspot.com/feeds/posts/default,10,10,2471,200,0,2026-10-04T09:55:31.736Z,2026-09-21T07:00:00.000Z,
google-online-security,Google Online Security,Vendor Security Research,healthy,approved,security.googleblog.com,https://security.googleblog.com/feeds/posts/default,25,25,1551,200,0,2026-10-04T09:55:31.736Z,2026-04-23T21:38:00.001Z,
mandiant-threat-research,Mandiant Threat Research,Vendor Security Research,disabled,quarantined,mandiant.com,https://www.mandiant.com/resources/blog/rss.xml,0,0,295,200,3,,,Baseline audit failed: HTML page returned instead of XML feed
crowdstrike-blog,CrowdStrike Blog,Vendor Security Research,healthy,approved,crowdstrike.com,https://www.crowdstrike.com/blog/feed/,13,13,811,200,0,2026-10-04T09:55:31.736Z,2026-09-28T04:00:00.000Z,
trend-micro-research,Trend Micro Research,Vendor Security Research,healthy,approved,feeds.feedburner.com,https://feeds.feedburner.com/TrendMicroResearch,115,115,211,200,0,2026-10-04T09:55:31.736Z,"Fri, 25 Sep 2026 00:00:00 +0000",
sophos-threat-research,Sophos Threat Research,Vendor Security Research,healthy,approved,news.sophos.com,https://www.sophos.com/en-us/category/threat-research/feed,47,47,5962,200,0,2026-10-04T09:55:31.736Z,2026-09-28T00:00:00.000Z,
malwarebytes-labs,Malwarebytes Labs,Vendor Security Research,healthy,approved,blog.malwarebytes.com,https://blog.malwarebytes.com/feed/,46,46,524,200,0,2026-10-04T09:55:31.736Z,2026-09-29T09:56:49.000Z,
proofpoint-blog,Proofpoint Blog,Vendor Security Research,healthy,approved,proofpoint.com,https://www.proofpoint.com/us/rss.xml,10,10,267,200,0,2026-10-04T09:55:31.736Z,22 Sep 2026 11:00:00,
fortinet-blog,Fortinet Blog,Vendor Security Research,disabled,quarantined,fortinet.com,https://www.fortinet.com/rss-feeds/rss-blog,0,0,516,404,3,,,Baseline audit failed: HTTP status 404 (Not Found)
sentinelone,SentinelOne,Vendor Security Research,healthy,approved,sentinelone.com,https://www.sentinelone.com/blog/feed/,10,10,790,200,0,2026-10-04T09:55:31.736Z,"Fri, 28 Aug 2026 16:01:30 +0000",
check-point-research,Check Point Research,Vendor Security Research,healthy,approved,research.checkpoint.com,https://research.checkpoint.com/feed/,16,16,767,200,0,2026-10-04T09:55:31.736Z,2026-09-28T13:55:26.000Z,
eset-welivesecurity,ESET WeLiveSecurity,Vendor Security Research,healthy,approved,welivesecurity.com,https://www.welivesecurity.com/feed/,107,107,1420,200,0,2026-10-04T09:55:31.736Z,2026-09-28T09:00:00.000Z,
kaspersky-securelist,Kaspersky Securelist,Vendor Security Research,healthy,approved,securelist.com,https://securelist.com/feed/,11,11,1828,200,0,2026-10-04T09:55:31.736Z,"Thu, 24 Sep 2026 10:00:21 +0000",
symantec-threat-intel,Symantec Threat Intel,Vendor Security Research,disabled,quarantined,symantec-enterprise-blogs.security.com,https://symantec-enterprise-blogs.security.com/rss/blogs/threat-intelligence,0,0,456,404,3,,,Baseline audit failed: HTTP status 404 (Not Found)
mcafee-labs,McAfee Labs,Vendor Security Research,disabled,quarantined,mcafee.com,https://www.mcafee.com/blogs/feed/,0,0,56,403,3,,,HTTP 403 Forbidden: McAfee enforces strict bot protection on blogs.
cisco-talos-intelligence,Cisco Talos Intelligence,Vendor Security Research,healthy,approved,blog.talosintelligence.com,https://blog.talosintelligence.com/rss/,31,31,373,200,0,2026-10-04T09:55:31.736Z,2026-09-29T10:00:36.000Z,
red-canary,Red Canary,Vendor Security Research,healthy,approved,redcanary.com,https://redcanary.com/blog/feed/,10,10,820,200,0,2026-10-04T09:55:31.736Z,"Thu, 20 Aug 2026 20:09:55 +0000",
rapid7-blog,Rapid7 Blog,Vendor Security Research,healthy,approved,blog.rapid7.com,https://blog.rapid7.com/rss/,26,26,830,200,0,2026-10-04T09:55:31.736Z,2026-09-28T10:05:00.000Z,
qualys-blog,Qualys Blog,Vendor Security Research,healthy,approved,blog.qualys.com,https://blog.qualys.com/feed,13,13,1378,200,0,2026-10-04T09:55:31.736Z,2026-09-29T08:28:47.000Z,
tenable-blog,Tenable Blog,Vendor Security Research,healthy,approved,tenable.com,https://www.tenable.com/blog/feed,11,11,331,200,0,2026-10-04T09:55:31.736Z,"Sun, 27 Sep 2026 05:35:21 -0400",
bitsight,Bitsight,Vendor Security Research,healthy,approved,bitsight.com,https://www.bitsight.com/blog/rss.xml,11,11,409,200,0,2026-10-04T09:55:31.736Z,"Tue, 09/22/2026 - 07:25",
flashpoint,Flashpoint,Vendor Security Research,healthy,approved,flashpoint-intel.com,https://www.flashpoint-intel.com/blog/feed/,30,30,504,200,0,2026-10-04T09:55:31.736Z,"Wed, 18 Oct 2023 16:49:10 +0000",
recorded-future,Recorded Future,Vendor Security Research,healthy,approved,recordedfuture.com,https://www.recordedfuture.com/feed,54,54,296,200,0,2026-10-04T09:55:31.736Z,2026-09-28T00:00:00.000Z,
dragos,Dragos,Vendor Security Research,disabled,quarantined,dragos.com,https://www.dragos.com/feed/,0,0,653,404,3,,,Baseline audit failed: HTTP status 404 (Not Found)
nozomi-networks,Nozomi Networks,Vendor Security Research,disabled,quarantined,nozominetworks.com,https://www.nozominetworks.com/blog/feed/,0,0,279,404,3,,,Baseline audit failed: HTTP status 404 (Not Found)
claroty-team82-research,Claroty Team82 Research,Vendor Security Research,healthy,approved,claroty.com,https://claroty.com/team82/disclosure-dashboard/feed/atom,75,75,161,200,0,2026-10-04T09:55:31.736Z,2026-03-12T13:38:00.000Z,
sans-internet-storm-center,SANS Internet Storm Center,Independent Researchers,healthy,approved,isc.sans.edu,https://isc.sans.edu/rssfeed.xml,25,25,535,200,0,2026-10-04T09:55:31.736Z,2026-09-29T02:00:02.000Z,
schneier-on-security,Schneier on Security,Independent Researchers,healthy,approved,schneier.com,https://www.schneier.com/feed/atom/,15,15,172,200,0,2026-10-04T09:55:31.736Z,2026-09-28T11:02:58.000Z,
troy-hunt,Troy Hunt,Independent Researchers,healthy,approved,troyhunt.com,https://www.troyhunt.com/rss/,17,17,210,200,0,2026-10-04T09:55:31.736Z,2026-09-28T07:24:49.000Z,
graham-cluley,Graham Cluley,Independent Researchers,healthy,approved,grahamcluley.com,https://grahamcluley.com/feed/,22,22,223,200,0,2026-10-04T09:55:31.736Z,"Thu, 24 Sep 2026 12:42:13 +0000",
errata-security,Errata Security,Independent Researchers,healthy,approved,blog.erratasec.com,https://blog.erratasec.com/feeds/posts/default,25,25,586,200,0,2026-10-04T09:55:31.736Z,2024-02-14T22:30:00.002Z,
trail-of-bits,Trail of Bits,Vendor Security Research,healthy,approved,blog.trailofbits.com,https://blog.trailofbits.com/feed/,21,21,593,200,0,2026-10-04T09:55:31.736Z,"Fri, 25 Sep 2026 07:00:00 -0400",
volexity-threat-research,Volexity Threat Research,Vendor Security Research,healthy,approved,volexity.com,https://www.volexity.com/feed/,35,35,734,200,0,2026-10-04T09:55:31.736Z,"Mon, 21 Sep 2026 21:01:46 +0000",
trustedsec-research,TrustedSec Research,Vendor Security Research,healthy,approved,trustedsec.com,https://trustedsec.com/feed,35,35,841,200,0,2026-10-04T09:55:31.736Z,"Thu, 24 Sep 2026 00:00:00 -0400",
black-hills-infosec,Black Hills InfoSec,Vendor Security Research,disabled,quarantined,blackhillsinfosec.com,https://www.blackhillsinfosec.com/feed/,0,0,266,404,3,,,Baseline audit failed: HTTP status 404 (Not Found)
specterops-red-team-research,SpecterOps Red Team Research,Vendor Security Research,healthy,approved,specterops.io,https://specterops.io/feed,65,65,898,200,0,2026-10-04T09:55:31.736Z,"Thu, 24 Sep 2026 16:00:00 +0000",
cobalt-strike-blog,Cobalt Strike Blog,Vendor Security Research,disabled,quarantined,cobaltstrike.com,https://www.cobaltstrike.com/feed/,0,0,80,403,3,,,HTTP 403 Forbidden: Fortra blocks automated scraping.
portswigger-web-security,PortSwigger (Web Security),Vendor Security Research,healthy,approved,portswigger.net,https://portswigger.net/blog/rss,40,40,154,200,0,2026-10-04T09:55:31.736Z,"Wed, 12 Aug 2026 09:04:45 GMT",
owasp,OWASP,Independent Researchers,disabled,quarantined,owasp.org,https://owasp.org/feed.xml,0,0,81,404,3,,,Baseline audit failed: HTTP status 404 (Not Found)
mozilla-security,Mozilla Security,Vendor Security Research,healthy,approved,blog.mozilla.org,https://blog.mozilla.org/security/feed/,10,10,546,200,0,2026-10-04T09:55:31.736Z,"Mon, 10 Aug 2026 18:37:53 +0000",
cloudflare-blog,Cloudflare Blog,Vendor Security Research,healthy,approved,blog.cloudflare.com,https://blog.cloudflare.com/rss/,25,25,221,200,0,2026-10-04T09:55:31.736Z,2026-09-28T14:51:57.000Z,
aws-security-blog,AWS Security Blog,Vendor Security Research,healthy,approved,aws.amazon.com,https://aws.amazon.com/blogs/security/feed/,23,23,530,200,0,2026-10-04T09:55:31.736Z,2026-09-28T17:05:12.000Z,
google-cloud-security,Google Cloud Security,Vendor Security Research,disabled,quarantined,cloud.google.com,https://cloud.google.com/blog/products/identity-security/rss,0,0,116,200,3,,,Baseline audit failed: HTML page returned instead of XML feed
nist-nvb,NIST NVB,Government & CERT,disabled,retired,nvd.nist.gov,https://nvd.nist.gov/feeds/xml/cve/misc/nvd-rss.xml,0,0,286,404,1,,,NIST officially retired legacy XML feeds in favor of NVD API 2.0.
cert-fr,CERT-FR,Government & CERT,healthy,approved,cert.ssi.gouv.fr,https://www.cert.ssi.gouv.fr/feed/,71,71,164,200,0,2026-10-04T09:55:31.736Z,"Fri, 24 Jan 2014 00:00:00 +0000",
ncsc-uk,NCSC-UK,Government & CERT,healthy,approved,ncsc.gov.uk,https://www.ncsc.gov.uk/api/1/services/v1/report-rss-feed.xml,20,20,158,200,0,2026-10-04T09:55:31.736Z,"Wed, 07 May 2025 12:00:00 +0000",
canadian-centre-for-cyber-security,Canadian Centre for Cyber Security,Government & CERT,disabled,quarantined,cyber.gc.ca,https://cyber.gc.ca/api/en/rss/alerts-advisories,0,0,894,400,3,,,Baseline audit failed: HTTP status 400 (Bad Request)
jpcert-cc-security-blog,JPCERT/CC Security Blog,Government & CERT,healthy,approved,blogs.jpcert.or.jp,https://blogs.jpcert.or.jp/en/atom.xml,45,45,1435,200,0,2026-10-04T09:55:31.736Z,2026-09-18T05:00:00.000Z,
govinfosecurity,GovInfoSecurity,Cybersecurity News,healthy,approved,govinfosecurity.com,https://www.govinfosecurity.com/rss-feeds,59,59,659,200,0,2026-10-04T09:55:31.736Z,2026-09-26T15:40:02.506Z,
help-net-security,Help Net Security,Cybersecurity News,healthy,approved,helpnetsecurity.com,https://www.helpnetsecurity.com/feed/,23,23,489,200,0,2026-10-04T09:55:31.736Z,2026-09-29T10:21:25.000Z,
sc-magazine,SC Magazine,Cybersecurity News,disabled,quarantined,scmagazine.com,https://www.scmagazine.com/rss,0,0,119,403,3,,,HTTP 403 Forbidden: SC World enforces Cloudflare bot protection on RSS.
cso-online,CSO Online,Cybersecurity News,healthy,approved,csoonline.com,https://www.csoonline.com/feed,37,37,362,200,0,2026-10-04T09:55:31.736Z,2026-09-29T01:06:28.000Z,
infosecurity-magazine,InfoSecurity Magazine,Cybersecurity News,healthy,approved,infosecurity-magazine.com,https://www.infosecurity-magazine.com/rss/news/,284,284,278,200,0,2026-10-04T09:55:31.736Z,2026-09-29T09:45:00.000Z,
cyberscoop,CyberScoop,Cybersecurity News,healthy,approved,cyberscoop.com,https://www.cyberscoop.com/feed/,22,22,309,200,0,2026-10-04T09:55:31.736Z,2026-09-29T00:58:15.000Z,
the-cyberwire,The CyberWire,Cybersecurity News,healthy,approved,thecyberwire.com,https://thecyberwire.com/feeds/rss.xml,124,124,137,200,0,2026-10-04T09:55:31.736Z,2026-09-28T20:30:00.000Z,
security-affairs,Security Affairs,Cybersecurity News,healthy,approved,securityaffairs.co,https://securityaffairs.co/wordpress/feed,27,27,565,200,0,2026-10-04T09:55:31.736Z,2026-09-29T07:30:30.000Z,
hackread,HackRead,Cybersecurity News,healthy,approved,hackread.com,https://www.hackread.com/feed/,24,24,1035,200,0,2026-10-04T09:55:31.736Z,2026-09-28T21:45:03.000Z,
techcrunch-security,TechCrunch Security,Cybersecurity News,healthy,approved,techcrunch.com,https://techcrunch.com/category/security/feed/,28,28,236,200,0,2026-10-04T09:55:31.736Z,2026-09-29T10:00:00.000Z,
wired-security,Wired Security,Cybersecurity News,healthy,approved,wired.com,https://www.wired.com/feed/category/security/latest/rss,28,28,277,200,0,2026-10-04T09:55:31.736Z,2026-09-28T11:32:19.000Z,
ars-technica,Ars Technica,Cybersecurity News,healthy,approved,arstechnica.com,https://arstechnica.com/tag/security/feed/,20,20,952,200,0,2026-10-04T09:55:31.736Z,"Mon, 21 Sep 2026 22:24:38 +0000",
motherboard,Motherboard,Cybersecurity News,disabled,retired,motherboard.vice.com,https://motherboard.vice.com/en_us/rss,0,0,13,,1,,,Vice media discontinued Motherboard dedicated security RSS.
threatpost,ThreatPost,Cybersecurity News,disabled,retired,threatpost.com,https://threatpost.com/feed/,0,0,297,200,1,2026-09-26T15:15:03.927Z,2022-08-31T12:57:48.000Z,ThreatPost permanently ceased editorial publication in August 2022.
gbhackers,GBHackers,Cybersecurity News,healthy,approved,gbhackers.com,https://gbhackers.com/feed/,22,22,609,200,0,2026-10-04T09:55:31.736Z,2026-09-29T10:30:06.000Z,
kitploit,KitPloit,Application & Web Security,healthy,approved,feeds.feedburner.com,https://feeds.feedburner.com/PentestTools,171,171,291,200,0,2026-10-04T09:55:31.736Z,2026-09-29T08:41:38.000Z,
packet-storm,Packet Storm,Application & Web Security,disabled,quarantined,rss.packetstormsecurity.com,https://rss.packetstormsecurity.com/news/,0,0,326,,3,,,TLS Error: Hostname mismatch with expired/altered SSL certificate.
exploit-db,Exploit-DB,Application & Web Security,healthy,approved,exploit-db.com,https://www.exploit-db.com/rss.xml,50,50,410,200,0,2026-10-04T09:55:31.736Z,"Fri, 11 Sep 2026 00:00:00 +0000",
cx-security,CX Security,Application & Web Security,healthy,approved,cxsecurity.com,https://cxsecurity.com/wlb/rss/all/,45,45,564,200,0,2026-10-04T09:55:31.736Z,"Sat, 26 Sep 2026 22:25:34 +0000",
zero-day-initiative,Zero Day Initiative,Vendor Security Research,healthy,approved,zerodayinitiative.com,https://www.zerodayinitiative.com/blog?format=rss,22,22,1473,200,0,2026-10-04T09:55:31.736Z,"Wed, 23 Sep 2026 19:03:34 +0000",
project-discovery,Project Discovery,Application & Web Security,healthy,approved,blog.projectdiscovery.io,https://blog.projectdiscovery.io/rss/,20,20,447,200,0,2026-10-04T09:55:31.736Z,"Sun, 16 Aug 2026 13:08:38 GMT",
hackerone-blog,HackerOne Blog,Vendor Security Research,disabled,quarantined,hackerone.com,https://www.hackerone.com/blog.xml,0,0,315,404,3,,,Baseline audit failed: HTTP status 404 (Not Found)
bugcrowd-blog,Bugcrowd Blog,Vendor Security Research,disabled,quarantined,bugcrowd.com,https://www.bugcrowd.com/blog/feed/,0,0,75,200,3,,,Baseline audit failed: HTML page returned instead of XML feed
intigriti-blog,Intigriti Blog,Vendor Security Research,healthy,approved,blog.intigriti.com,https://blog.intigriti.com/feed/,24,24,364,200,0,2026-10-04T09:55:31.736Z,2026-09-29T00:00:00.000Z,
yeswehack,YesWeHack,Vendor Security Research,disabled,quarantined,blog.yeswehack.com,https://blog.yeswehack.com/feed/,0,0,908,200,3,,,Baseline audit failed: HTML page returned instead of XML feed
1password-security-blog,1Password Security Blog,Vendor Security Research,healthy,approved,blog.1password.com,https://blog.1password.com/index.xml,117,117,999,200,0,2026-10-04T09:55:31.736Z,2026-09-28T00:00:00.000Z,
dashlane-blog,Dashlane Blog,Vendor Security Research,disabled,quarantined,blog.dashlane.com,https://blog.dashlane.com/feed/,0,0,388,200,3,,,Baseline audit failed: HTML page returned instead of XML feed
proton-security-blog,Proton Security Blog,Vendor Security Research,healthy,approved,proton.me,https://proton.me/blog/feed,39,39,498,200,0,2026-10-04T09:55:31.736Z,2026-09-29T12:09:55.000Z,
eff-deeplinks,EFF DeepLinks,Independent Researchers,healthy,approved,eff.org,https://www.eff.org/rss/updates.xml,53,53,171,200,0,2026-10-04T09:55:31.736Z,2026-09-28T20:30:00.000Z,
privacy-international,Privacy International,Independent Researchers,healthy,approved,privacyinternational.org,https://privacyinternational.org/rss.xml,14,14,283,200,0,2026-10-04T09:55:31.736Z,"Fri, 25 Sep 2026 10:08:51 +0000",
citizen-lab,Citizen Lab,Independent Researchers,healthy,approved,citizenlab.ca,https://citizenlab.ca/feed/,10,10,473,200,0,2026-10-04T09:55:31.736Z,"Tue, 22 Sep 2026 16:15:24 +0000",
bellingcat,Bellingcat,Independent Researchers,healthy,approved,bellingcat.com,https://www.bellingcat.com/feed/,10,10,179,200,0,2026-10-04T09:55:31.736Z,"Sat, 19 Sep 2026 17:46:45 +0000",
inteltechniques,IntelTechniques,Independent Researchers,healthy,approved,inteltechniques.com,https://inteltechniques.com/blog/feed/,15,15,335,200,0,2026-10-04T09:55:31.736Z,"Mon, 21 Sep 2026 00:00:00 GMT",
osint-curious,OSINT Curious,Independent Researchers,disabled,retired,osintcurio.us,https://osintcurio.us/feed/,0,0,132,404,1,,,The OSINT Curious project officially concluded operations in 2023.
sans-pen-test-blog,SANS Pen Test Blog,Independent Researchers,disabled,quarantined,pen-testing.sans.org,https://pen-testing.sans.org/blog/feed/,0,0,590,200,3,,,Baseline audit failed: HTML page returned instead of XML feed
sans-dfir-blog,SANS DFIR Blog,Independent Researchers,disabled,quarantined,digital-forensics.sans.org,https://digital-forensics.sans.org/blog/feed/,0,0,828,200,3,,,Baseline audit failed: HTML page returned instead of XML feed
sans-ico,SANS ICO,Independent Researchers,disabled,quarantined,ics.sans.org,https://ics.sans.org/blog/feed/,0,0,353,200,3,,,Baseline audit failed: HTML page returned instead of XML feed
cisa-ics-advisories,CISA ICS Advisories,"Mobile, IoT & OT/ICS Security",healthy,approved,cisa.gov,https://www.cisa.gov/cybersecurity-advisories/ics-advisories.xml,90,90,208,200,0,2026-10-04T09:55:31.736Z,"Thu, 24 Sep 26 12:00:00 +0000",
cisa-medical-ics-advisories,CISA Medical ICS Advisories,"Mobile, IoT & OT/ICS Security",healthy,approved,cisa.gov,https://www.cisa.gov/cybersecurity-advisories/ics-medical-advisories.xml,90,90,257,200,0,2026-10-04T09:55:31.736Z,"Wed, 09 Sep 2026 19:38:00 EDT",
malware-traffic-analysis,Malware Traffic Analysis,Malware & Ransomware Research,healthy,approved,malware-traffic-analysis.net,https://www.malware-traffic-analysis.net/blog-entries.rss,21,21,591,200,0,2026-10-04T09:55:31.736Z,"Fri, 25 Sep 2026 06:36 +0000",
cert-pl-poland,CERT-PL (Poland),Government & CERT,healthy,approved,cert.pl,https://cert.pl/rss.xml,152,152,335,200,0,2026-10-04T09:55:31.736Z,2026-09-29T11:10:00.000Z,
mdsec-activebreach-research,MDSec ActiveBreach Research,Incident Response & Forensics,healthy,approved,mdsec.co.uk,https://www.mdsec.co.uk/feed/,20,20,1075,200,0,2026-10-04T09:55:31.736Z,"Fri, 28 Aug 2026 08:47:38 +0000",
sekoia-io-cyber-threat-intelligence,Sekoia.io Cyber Threat Intelligence,Threat Intelligence,healthy,approved,blog.sekoia.io,https://blog.sekoia.io/feed/,150,150,468,200,0,2026-10-04T09:55:31.736Z,"Thu, 17 Sep 2026 17:54:34 GMT",
greynoise-threat-labs,GreyNoise Threat Labs,Threat Intelligence,healthy,approved,greynoise.io,https://www.greynoise.io/blog/rss.xml,151,151,163,200,0,2026-10-04T09:55:31.736Z,2026-09-28T00:00:00.000Z,
shodan-threat-monitoring,Shodan Threat Monitoring,Threat Intelligence,healthy,approved,blog.shodan.io,https://blog.shodan.io/rss/,45,45,633,200,0,2026-10-04T09:55:31.736Z,"Wed, 07 Aug 2024 20:11:36 GMT",
censys-cyber-research,Censys Cyber Research,Threat Intelligence,healthy,approved,censys.com,https://censys.com/feed/,20,20,172,200,0,2026-10-04T09:55:31.736Z,"Thu, 24 Sep 2026 17:00:00 +0000",
cyberscoop-policy-breach-news,CyberScoop Policy & Breach News,Cybersecurity News,healthy,approved,cyberscoop.com,https://cyberscoop.com/feed/,10,10,65,200,0,2026-10-04T09:55:31.736Z,"Fri, 25 Sep 2026 21:28:36 +0000",
wiz-cloud-threat-research,Wiz Cloud Threat Research,Cloud & Identity Security,healthy,approved,wiz.io,https://www.wiz.io/blog/rss.xml,938,938,416,200,0,2026-10-04T09:55:31.736Z,2026-09-28T12:58:02.000Z,
snyk-vulnerability-database,Snyk Vulnerability Database,Application & Web Security,healthy,approved,snyk.io,https://snyk.io/blog/feed.xml,3011,3011,710,200,0,2026-10-04T09:55:31.736Z,"Thu, 24 Sep 2026 04:00:00 GMT",
the-dfir-report-investigations,The DFIR Report Investigations,Incident Response & Forensics,healthy,approved,thedfirreport.com,https://thedfirreport.com/feed/,20,20,154,200,0,2026-10-04T09:55:31.736Z,"Mon, 24 Aug 2026 14:28:41 +0000",
red-canary-detection-engineering,Red Canary Detection Engineering,Incident Response & Forensics,healthy,approved,redcanary.com,https://redcanary.com/feed/,10,10,464,200,0,2026-10-04T09:55:31.736Z,"Thu, 20 Aug 2026 20:09:55 +0000",
huntress-labs-soc-research,Huntress Labs SOC Research,Vendor Security Research,healthy,approved,huntress.com,https://www.huntress.com/blog/rss.xml,1072,1072,671,200,0,2026-10-04T09:55:31.736Z,2026-09-28T20:00:00.000Z,
portswigger-web-security-research,PortSwigger Web Security Research,Application & Web Security,healthy,approved,portswigger.net,https://portswigger.net/research/rss,120,120,115,200,0,2026-10-04T09:55:31.736Z,"Wed, 23 Sep 2026 14:00:00 GMT",
elastic-security-labs,Elastic Security Labs,Vendor Security Research,healthy,approved,elastic.co,https://www.elastic.co/security-labs/rss/feed.xml,468,468,1690,200,0,2026-10-04T09:55:31.736Z,2026-09-28T00:00:00.000Z,
permiso-cloud-threat-research,Permiso Cloud Threat Research,Cloud & Identity Security,healthy,approved,permiso.io,https://permiso.io/blog/rss.xml,30,30,118,200,0,2026-10-04T09:55:31.736Z,"Thu, 09 Jul 2026 12:27:17 GMT",
datadog-security-labs-research,Datadog Security Labs Research,Cloud & Identity Security,healthy,approved,securitylabs.datadoghq.com,https://securitylabs.datadoghq.com/rss/feed.xml,60,60,72,200,0,2026-10-04T09:55:31.736Z,2026-09-24T00:00:00Z,
nviso-european-threat-research,Nviso European Threat Research,Incident Response & Forensics,healthy,approved,blog.nviso.eu,https://blog.nviso.eu/feed/,20,20,123,200,0,2026-10-04T09:55:31.736Z,"Wed, 22 Jul 2026 14:08:17 +0000",
synack-red-team-threat-reports,Synack Red Team Threat Reports,Application & Web Security,healthy,approved,synack.com,https://www.synack.com/blog/feed/,20,20,686,200,0,2026-10-04T09:55:31.736Z,"Wed, 23 Sep 2026 18:37:42 +0000",
eclypsium-firmware-threat-research,Eclypsium Firmware Threat Research,"Mobile, IoT & OT/ICS Security",healthy,approved,eclypsium.com,https://eclypsium.com/feed/,25,25,178,200,0,2026-10-04T09:55:31.736Z,2026-09-28T16:30:00.000Z,
bishop-fox-security-research,Bishop Fox Security Research,Application & Web Security,healthy,approved,bishopfox.com,https://bishopfox.com/blog/rss.xml,150,150,769,200,0,2026-10-04T09:55:31.736Z,"Fri, 25 Sep 2026 06:00:00 -0700",
aqua-security-cloud-native-research,Aqua Security Cloud Native Research,Cloud & Identity Security,healthy,approved,blog.aquasec.com,https://blog.aquasec.com/rss.xml,30,30,184,200,0,2026-10-04T09:55:31.736Z,"Tue, 06 May 2025 10:13:27 GMT",
praetorian-labs-research,Praetorian Labs Research,Application & Web Security,healthy,approved,praetorian.com,https://www.praetorian.com/feed/,20,20,511,200,0,2026-10-04T09:55:31.736Z,"Wed, 23 Sep 2026 16:02:14 +0000",
socradar-dark-web-ransomware,SOCRadar Dark Web & Ransomware,Dark Web & Ransomware,healthy,approved,socradar.io,https://socradar.io/feed/,22,22,205,200,0,2026-10-04T09:55:31.736Z,2026-09-28T08:52:05.000Z,
resecurity-threat-intelligence,Resecurity Threat Intelligence,Threat Intelligence,healthy,approved,resecurity.com,https://www.resecurity.com/feed,60,60,293,200,0,2026-10-04T09:55:31.736Z,"Fri, 11 Sep 2026 00:00:00 -0500",
group-ib-cybercrime-research,Group-IB Cybercrime Research,Vendor Security Research,healthy,approved,group-ib.com,https://www.group-ib.com/blog/feed/,554,554,273,200,0,2026-10-04T09:55:31.736Z,"Thu, 24 Sep 2026 06:24:21",
kaspersky-global-threat-intelligence,Kaspersky Global Threat Intelligence,Vendor Security Research,healthy,approved,kaspersky.com,https://www.kaspersky.com/blog/feed/,21,21,474,200,0,2026-10-04T09:55:31.736Z,2026-09-28T14:59:21.000Z,
curated-intel-threat-repository,Curated Intel Threat Repository,Threat Intelligence,healthy,approved,curatedintel.org,https://www.curatedintel.org/feeds/posts/default,71,71,443,200,0,2026-10-04T09:55:31.736Z,2025-10-17T20:55:00.000Z,
fox-it-security-research-netherlands,Fox-IT Security Research (Netherlands),Incident Response & Forensics,healthy,approved,blog.fox-it.com,https://blog.fox-it.com/feed/,21,21,497,200,0,2026-10-04T09:55:31.736Z,"Fri, 22 May 2026 14:55:58 +0000",
attify-iot-automotive-security,Attify IoT & Automotive Security,"Mobile, IoT & OT/ICS Security",healthy,approved,blog.attify.com,https://blog.attify.com/feed/,45,45,198,200,0,2026-10-04T09:55:31.736Z,"Wed, 26 Jan 2022 05:45:02 GMT",
the-record-by-recorded-future,The Record by Recorded Future,Cybersecurity News,healthy,approved,therecord.media,https://therecord.media/feed,5,5,243,200,0,2026-10-04T09:55:31.736Z,"Fri, 25 Sep 2026 20:19:00 GMT",
dave-conroy,Dave Conroy,Vulnerability Disclosures,disabled,rejected,daveconroy.com,http://www.daveconroy.com/feed/,0,0,0,,0,,,Network transport error: fetch failed
a-few-thoughts-on-cryptographic-engineering,A Few Thoughts on Cryptographic Engineering,Vulnerability Disclosures,healthy,approved,blog.cryptographyengineering.com,http://blog.cryptographyengineering.com/feeds/posts/default,10,10,654,200,0,2026-10-04T09:55:31.736Z,"Fri, 14 Aug 2026 20:17:59 +0000",
rdist,rdist,Vulnerability Disclosures,healthy,approved,rdist.root.org,https://rdist.root.org/feed/,12,12,271,200,0,2026-10-04T09:55:31.736Z,"Thu, 17 Nov 2022 20:59:04 +0000",
snowming04-s-blog,"Snowming04's Blog",Vulnerability Disclosures,disabled,rejected,snowming.me,http://snowming.me/feed/,0,0,0,,0,,,Network transport error: fetch failed
vitalik-buterin-s-website,"Vitalik Buterin's website",Vulnerability Disclosures,disabled,rejected,vitalik.ca,https://vitalik.ca/feed.xml,0,0,0,,0,,,Network transport error: fetch failed
quantakrypto-post-quantum-cryptography,quantakrypto - post-quantum cryptography,Vulnerability Disclosures,healthy,approved,quantakrypto.com,https://quantakrypto.com/rss.xml,53,53,235,200,0,2026-10-04T09:55:31.736Z,"Fri, 25 Sep 2026 00:00:00 GMT",
arthurchiao-s-blog,"ArthurChiao's Blog",Application & Web Security,healthy,approved,arthurchiao.art,http://arthurchiao.art/feed.xml,10,10,523,200,0,2026-10-04T09:55:31.736Z,"Sun, 05 Jul 2026 00:00:00 +0000",
weiyigeek-blog,WeiyiGeek Blog,Application & Web Security,disabled,rejected,blog.weiyigeek.top,https://blog.weiyigeek.top/atom.xml,0,0,0,,0,,,HTTP 403 Forbidden / Publisher WAF Restriction
source,青空之蓝,Application & Web Security,healthy,approved,blog.ixk.me,https://blog.ixk.me/rss.xml,195,195,891,200,0,2026-10-04T09:55:31.736Z,"Sun, 31 Dec 2023 23:59:00 GMT",
xiaoxia-pg,Xiaoxia[PG],Application & Web Security,healthy,approved,xiaoxia.org,https://xiaoxia.org/feed/,20,20,354,200,0,2026-10-04T09:55:31.736Z,"Thu, 14 Jul 2016 19:56:20 +0000",
armin-ronacher-s-thoughts-and-writings,"Armin Ronacher's Thoughts and Writings",Application & Web Security,healthy,approved,lucumr.pocoo.org,https://lucumr.pocoo.org/feed.atom,10,10,126,200,0,2026-10-04T09:55:31.736Z,2026-09-14T00:00:00.000Z,
fleetsmith-blog,Fleetsmith Blog,Application & Web Security,disabled,rejected,blog.fleetsmith.com,https://blog.fleetsmith.com/rss/,0,0,0,,0,,,Network transport error: fetch failed
coding-in-security,Coding (In)Security,Application & Web Security,healthy,approved,coding-insecurity.blogspot.com,http://coding-insecurity.blogspot.com/feeds/posts/default,22,22,392,200,0,2026-10-04T09:55:31.736Z,2013-07-31T21:25:00.001Z,
source-1,机智的程序员小熊,Application & Web Security,disabled,rejected,coding3min.com,https://coding3min.com/feed/,0,0,0,,0,,,Connection timed out (8s limit)
sukka-s-blog,"Sukka's Blog",Application & Web Security,healthy,approved,blog.skk.moe,https://blog.skk.moe/atom.xml,37,37,226,200,0,2026-10-04T09:55:31.736Z,2026-08-19T04:00:00.000Z,
zifangsky,zifangsky的个人博客,Application & Web Security,disabled,rejected,zifangsky.cn,https://www.zifangsky.cn/feed,0,0,0,,0,,,Network transport error: fetch failed
cloud-world,cloud world,Application & Web Security,healthy,approved,cloudsjhan.github.io,https://cloudsjhan.github.io/atom.xml,279,279,554,200,0,2026-10-04T09:55:31.736Z,2025-08-22T09:52:20.000Z,
c0refast,C0reFast记事本,Application & Web Security,healthy,approved,ichenfu.com,https://www.ichenfu.com/atom.xml,26,26,1010,200,0,2026-10-04T09:55:31.736Z,2026-09-08T11:06:26.000Z,
mohuishou,Mohuishou,Application & Web Security,healthy,approved,lailin.xyz,https://lailin.xyz/atom.xml,200,200,1513,200,0,2026-10-04T09:55:31.736Z,2022-11-22T03:55:46.000Z,
no-headback,No Headback,Application & Web Security,healthy,approved,xargin.com,https://xargin.com/rss/,17,17,1751,200,0,2026-10-04T09:55:31.736Z,"Sun, 14 Jun 2026 11:40:08 GMT",
jiajun,Jiajun的技术笔记,Application & Web Security,healthy,approved,jiajunhuang.com,https://jiajunhuang.com/rss,1074,1074,1089,200,0,2026-10-04T09:55:31.736Z,"Thu, 19 Feb 2026 00:00:00 GMT",
source-2,她和她的猫,Application & Web Security,healthy,approved,her-cat.com,https://her-cat.com/posts/index.xml,187,187,652,200,0,2026-10-04T09:55:31.736Z,"Sun, 28 Dec 2025 18:39:06 +0800",
verne-in-github,Verne in GitHub,Application & Web Security,healthy,approved,einverne.github.io,https://einverne.github.io/feed.xml,12,12,226,200,0,2026-10-04T09:55:31.736Z,2026-09-28T00:00:00.000Z,
source-3,博客,Application & Web Security,healthy,approved,dyrnq.com,https://dyrnq.com/feed/,11,11,1035,200,0,2026-10-04T09:55:31.736Z,"Sun, 27 Sep 2026 01:28:12 +0000",
source-4,小火箭,Application & Web Security,disabled,rejected,yangxikun.com,https://yangxikun.com/rss.xml,0,0,0,,0,,,HTML document returned instead of RSS/Atom XML feed
taxodium,Taxodium,Application & Web Security,healthy,approved,taxodium.ink,https://taxodium.ink/index.xml,21,21,781,200,0,2026-10-04T09:55:31.736Z,2026-09-28T01:20:00.000Z,
maxiee-blog,Maxiee Blog,Application & Web Security,healthy,approved,maxieewong.com,https://maxieewong.com/atom.xml,186,186,190,200,0,2026-10-04T09:55:31.736Z,2023-02-22T05:15:01Z,
web3rover-monthly,Web3Rover Monthly,Application & Web Security,healthy,approved,web3rover.substack.com,https://web3rover.substack.com/feed,30,30,424,200,0,2026-10-04T09:55:31.736Z,"Sun, 18 Jan 2026 02:18:30 GMT",
source-5,酱紫表,Application & Web Security,disabled,rejected,blog.qust.me,https://blog.qust.me/feed,0,0,0,,0,,,HTTP 500 (Internal Server Error)
mozilla-hacks-the-web-developer-blog,Mozilla Hacks – the Web developer blog,Application & Web Security,healthy,approved,hacks.mozilla.org,https://hacks.mozilla.org/feed/,20,20,512,200,0,2026-10-04T09:55:31.736Z,"Mon, 24 Aug 2026 15:32:15 +0000",
random-ascii-tech-blog-of-bruce-dawson,Random ASCII – tech blog of Bruce Dawson,Application & Web Security,healthy,approved,randomascii.wordpress.com,https://randomascii.wordpress.com/feed/,12,12,450,200,0,2026-10-04T09:55:31.736Z,"Tue, 11 Nov 2025 06:26:16 +0000",
rob-zolkos,Rob Zolkos,Application & Web Security,healthy,approved,zolkos.com,https://www.zolkos.com/feed.xml,10,10,771,200,0,2026-10-04T09:55:31.736Z,2026-09-04T21:31:51.000Z,
source-6,美团技术团队,Application & Web Security,healthy,approved,tech.meituan.com,https://tech.meituan.com/feed,20,20,2614,200,0,2026-10-04T09:55:31.736Z,2026-10-04T09:54:23.141Z,
bunnie-s-blog,"bunnie's blog","Mobile, IoT & OT/ICS Security",healthy,approved,bunniestudios.com,https://www.bunniestudios.com/blog/?feed=rss2,5,5,1358,200,0,2026-10-04T09:55:31.736Z,"Sun, 30 Aug 2026 06:29:56 +0000",
web-reflection,Web Reflection,"Mobile, IoT & OT/ICS Security",healthy,approved,webreflection.blogspot.com,http://webreflection.blogspot.com/feeds/posts/default,46,46,709,200,0,2026-10-04T09:55:31.736Z,2017-01-21T15:16:00.000Z,
attify-blog-iot-security-pentesting-and-exploitation,"Attify Blog - IoT Security, Pentesting and Exploitation","Mobile, IoT & OT/ICS Security",healthy,approved,blog.attify.com,https://blog.attify.com/rss/,15,15,71,200,0,2026-10-04T09:55:31.736Z,"Wed, 26 Jan 2022 05:45:02 GMT",
pen-test-partners,Pen Test Partners,"Mobile, IoT & OT/ICS Security",healthy,approved,pentestpartners.com,https://www.pentestpartners.com/feed/,10,10,29341,200,0,2026-10-04T09:55:31.736Z,"Fri, 18 Sep 2026 11:29:50 +0000",
source-7,世事难料，保持低调,Independent Researchers,disabled,rejected,blog.csdn.net,http://blog.csdn.net/ariesjzj/rss/list,0,0,0,,0,,,HTTP 521 ()
der-flounder,Der Flounder,Independent Researchers,disabled,rejected,derflounder.wordpress.com,https://derflounder.wordpress.com/feed/,0,0,0,,0,,,Content does not demonstrate cybersecurity domain relevance
cve,安全客-漏洞cve报告,Independent Researchers,disabled,rejected,rsshub.app,https://rsshub.app/aqk/vul,0,0,0,,0,,,HTTP 403 Forbidden / Publisher WAF Restriction
source-8,安全客-有思想的安全新媒体,Independent Researchers,disabled,rejected,api.anquanke.com,https://api.anquanke.com/data/v1/rss,0,0,0,,0,,,Content does not demonstrate cybersecurity domain relevance
the-world-of-it-amp-cyber-security-ehacking-net,The World of IT &amp; Cyber Security: ehacking.net,Independent Researchers,disabled,rejected,ehacking.net,http://www.ehacking.net/feeds/posts/default,0,0,0,,0,,,Network transport error: fetch failed
hackerone-hacker-activity,HackerOne Hacker Activity,Independent Researchers,healthy,approved,rss.ricterz.me,https://rss.ricterz.me/hacktivity,52,52,828,200,0,2026-10-04T09:55:31.736Z,2026-10-04T09:54:23.141Z,
seebug,Seebug 最新漏洞,Independent Researchers,disabled,rejected,seebug.org,https://www.seebug.org/rss/new/,0,0,0,,0,,,Network transport error: fetch failed
source-9,安全脉搏,Independent Researchers,healthy,approved,secpulse.com,https://www.secpulse.com/feed,15,15,2599,200,0,2026-10-04T09:55:31.736Z,"Tue, 01 Jul 2025 07:56:35 +0000",
nosec,NOSEC 安全讯息平台 - 漏洞预警,Independent Researchers,disabled,rejected,rsshub.app,https://rsshub.app/nosec/hole,0,0,0,,0,,,HTTP 403 Forbidden / Publisher WAF Restriction
the-morning-paper,the morning paper,Independent Researchers,healthy,approved,blog.acolyer.org,https://blog.acolyer.org/feed/,20,20,513,200,0,2026-10-04T09:55:31.736Z,"Mon, 08 Feb 2021 14:46:00 +0000",
rsa-blog,RSA Blog,Independent Researchers,disabled,rejected,rsa.com,https://www.rsa.com/en-us/blog/rss.xml,0,0,0,,0,,,HTML document returned instead of RSS/Atom XML feed
secwiki-news,SecWiki News,Independent Researchers,disabled,rejected,sec-wiki.com,https://www.sec-wiki.com/news/rss,0,0,0,,0,,,Content does not demonstrate cybersecurity domain relevance
security-boulevard,Security Boulevard,Independent Researchers,disabled,rejected,securityboulevard.com,https://securityboulevard.com/feed/,0,0,0,,0,,,HTTP 403 Forbidden / Publisher WAF Restriction
google-online-security-blog,Google Online Security Blog,Independent Researchers,healthy,approved,googleonlinesecurity.blogspot.com,http://googleonlinesecurity.blogspot.com/feeds/posts/default,4,20,1527,200,0,2026-10-04T09:55:31.736Z,2026-04-23T21:38:00.001Z,
tianyong-tang,Tianyong Tang,Independent Researchers,disabled,rejected,tang3w.com,http://tang3w.com/feed.xml,0,0,0,,0,,,Network transport error: fetch failed
source-10,先知安全技术社区,Independent Researchers,disabled,rejected,xz.aliyun.com,https://xz.aliyun.com/feed,0,0,0,,0,,,Content does not demonstrate cybersecurity domain relevance
tenable-blog-1,Tenable Blog,Independent Researchers,healthy,approved,feeds.feedburner.com,https://feeds.feedburner.com/tenable/qaXL,4,20,381,200,0,2026-10-04T09:55:31.736Z,"Sun, 27 Sep 2026 05:35:21 -0400",
infosecmatter,InfosecMatter,Independent Researchers,healthy,approved,infosecmatter.com,https://www.infosecmatter.com/feed/,20,20,2857,200,0,2026-10-04T09:55:31.736Z,"Mon, 03 Jan 2022 16:41:15 +0000",
sec-news,Sec-News 安全文摘,Independent Researchers,disabled,rejected,wiki.ioin.in,http://wiki.ioin.in/atom,0,0,0,,0,,,Content does not demonstrate cybersecurity domain relevance
sploitus-com-exploits-rss-feed,Sploitus.com Exploits RSS Feed,Independent Researchers,healthy,approved,sploitus.com,https://sploitus.com/rss,109,109,283,200,0,2026-10-04T09:55:31.736Z,2026-09-29T09:05:24.000Z,
life-likes-a-matrix,LIFE likes a MATRIX,Independent Researchers,healthy,approved,baronpan.blogspot.com,http://baronpan.blogspot.com/feeds/posts/default?alt=rss,50,50,542,200,0,2026-10-04T09:55:31.736Z,"Fri, 20 Sep 2013 07:49:00 +0000",
source-11,公告列表-阿里云帮助中心,Independent Researchers,disabled,rejected,rsshub.app,https://rsshub.app/aliyun/notice/2,0,0,0,,0,,,HTTP 403 Forbidden / Publisher WAF Restriction
packet-storm-1,Packet Storm,Independent Researchers,disabled,rejected,rss.packetstormsecurity.com,https://rss.packetstormsecurity.com/files/,0,0,0,,0,,,Network transport error: fetch failed
source-12,安全通告,Independent Researchers,healthy,approved,huawei.com,http://www.huawei.com/cn/rss-feeds/psirt/rss,4,20,150,200,0,2026-10-04T09:55:31.736Z,2026-10-04T09:54:23.141Z,
codeblog,codeblog,Independent Researchers,healthy,approved,outflux.net,http://www.outflux.net/blog/feed/,4,20,150,200,0,2026-10-04T09:55:31.736Z,2026-10-04T09:54:23.141Z,
roartalk-4hou-com,"嘶吼 RoarTalk – 网络安全行业综合服务平台,4hou.com",Independent Researchers,healthy,approved,4hou.com,https://www.4hou.com/feed,4,20,150,200,0,2026-10-04T09:55:31.736Z,2026-10-04T09:54:23.141Z,
source-13,跳跳糖 - 安全与分享社区,Independent Researchers,healthy,approved,tttang.com,https://www.tttang.com/rss.xml,4,20,150,200,0,2026-10-04T09:55:31.736Z,2026-10-04T09:54:23.141Z,
filippo-valsorda,Filippo Valsorda,Independent Researchers,healthy,approved,blog.filippo.io,https://blog.filippo.io/rss/,4,20,150,200,0,2026-10-04T09:55:31.736Z,2026-10-04T09:54:23.141Z,
bugtraq,Bugtraq,Independent Researchers,healthy,approved,seclists.org,http://seclists.org/rss/bugtraq.rss,4,20,150,200,0,2026-10-04T09:55:31.736Z,2026-10-04T09:54:23.141Z,
cybernews,CyberNews,Independent Researchers,healthy,approved,cybernews.com,https://cybernews.com/feed/,4,20,150,200,0,2026-10-04T09:55:31.736Z,2026-10-04T09:54:23.141Z,
source-14,信息安全知识库,Independent Researchers,healthy,approved,vipread.com,http://vipread.com/feed,4,20,150,200,0,2026-10-04T09:55:31.736Z,2026-10-04T09:54:23.141Z,
zero-day-initiative-advisories-published,Zero Day Initiative Advisories (published),Independent Researchers,healthy,approved,feed43.com,http://feed43.com/5146433407638526.xml,4,20,150,200,0,2026-10-04T09:55:31.736Z,2026-10-04T09:54:23.141Z,
suspek,SuspeK,Independent Researchers,healthy,approved,suspekt.org,https://www.suspekt.org/feed/,4,20,150,200,0,2026-10-04T09:55:31.736Z,2026-10-04T09:54:23.141Z,
darknet-hacking-tools-hacker-news-amp-cyber-security,"Darknet – Hacking Tools, Hacker News &amp; Cyber Security",Independent Researchers,healthy,approved,feeds.feedburner.com,http://feeds.feedburner.com/darknethackers,4,20,150,200,0,2026-10-04T09:55:31.736Z,2026-10-04T09:54:23.141Z,
paper-last-paper,paper - Last paper,Independent Researchers,healthy,approved,paper.seebug.org,https://paper.seebug.org/rss/,4,20,150,200,0,2026-10-04T09:55:31.736Z,2026-10-04T09:54:23.141Z,
unsafe-sh,unSafe.sh - 不安全,Independent Researchers,healthy,approved,buaq.net,https://buaq.net/rss.xml,4,20,150,200,0,2026-10-04T09:55:31.736Z,2026-10-04T09:54:23.141Z,
source-15,美团技术团队,Independent Researchers,healthy,approved,tech.meituan.com,https://tech.meituan.com/feed/,4,20,150,200,0,2026-10-04T09:55:31.736Z,2026-10-04T09:54:23.141Z,
recent-commits-to-cve-main,Recent Commits to cve:main,Independent Researchers,healthy,approved,github.com,https://github.com/trickest/cve/commits/main.atom,4,20,150,200,0,2026-10-04T09:55:31.736Z,2026-10-04T09:54:23.141Z,
source-16,先知安全技术社区,Independent Researchers,healthy,approved,xianzhi2rss.xlab.app,https://xianzhi2rss.xlab.app/feed.xml,4,20,150,200,0,2026-10-04T09:55:31.736Z,2026-10-04T09:54:23.141Z,
infosec-write-ups-medium,InfoSec Write-ups - Medium,Independent Researchers,healthy,approved,infosecwriteups.com,https://infosecwriteups.com/feed,4,20,150,200,0,2026-10-04T09:55:31.736Z,2026-10-04T09:54:23.141Z,
publications-on-star-labs,Publications on STAR Labs,Independent Researchers,healthy,approved,starlabs.sg,https://starlabs.sg/publications/index.xml,4,20,150,200,0,2026-10-04T09:55:31.736Z,2026-10-04T09:54:23.141Z,
source-17,绿盟科技技术博客,Independent Researchers,healthy,approved,blog.nsfocus.net,http://blog.nsfocus.net/feed/,4,20,150,200,0,2026-10-04T09:55:31.736Z,2026-10-04T09:54:23.141Z,
data-breach,Data Breach,Independent Researchers,healthy,approved,securityaffairs.co,https://securityaffairs.co/wordpress/category/data-breach/feed,4,20,150,200,0,2026-10-04T09:55:31.736Z,2026-10-04T09:54:23.141Z,
hackernoon,HackerNoon,Independent Researchers,healthy,approved,hackernoon.com,https://hackernoon.com/feed,4,20,150,200,0,2026-10-04T09:55:31.736Z,2026-10-04T09:54:23.141Z,
source-18,腾讯安全玄武实验室,Independent Researchers,healthy,approved,xlab.tencent.com,https://xlab.tencent.com/cn/feed/,4,20,150,200,0,2026-10-04T09:55:31.736Z,2026-10-04T09:54:23.141Z,
noob-hackers,noob-hackers,Independent Researchers,healthy,approved,feeds.feedburner.com,http://feeds.feedburner.com/noob-hackers/uRyN,4,20,150,200,0,2026-10-04T09:55:31.736Z,2026-10-04T09:54:23.141Z,
sec-news-1,Sec-News 安全文摘,Independent Researchers,healthy,approved,govuln.com,https://govuln.com/news/feed/,4,20,150,200,0,2026-10-04T09:55:31.736Z,2026-10-04T09:54:23.141Z,
simonwillison-net,simonwillison.net,Independent Researchers,healthy,approved,simonwillison.net,https://simonwillison.net/atom/everything/,4,20,150,200,0,2026-10-04T09:55:31.736Z,2026-10-04T09:54:23.141Z,
jeffgeerling-com,jeffgeerling.com,Independent Researchers,healthy,approved,jeffgeerling.com,https://www.jeffgeerling.com/blog.xml,4,20,150,200,0,2026-10-04T09:55:31.736Z,2026-10-04T09:54:23.141Z,
seangoedecke-com,seangoedecke.com,Independent Researchers,healthy,approved,seangoedecke.com,https://www.seangoedecke.com/rss.xml,4,20,150,200,0,2026-10-04T09:55:31.736Z,2026-10-04T09:54:23.141Z,
daringfireball-net,daringfireball.net,Independent Researchers,healthy,approved,daringfireball.net,https://daringfireball.net/feeds/main,4,20,150,200,0,2026-10-04T09:55:31.736Z,2026-10-04T09:54:23.141Z,
ericmigi-com,ericmigi.com,Independent Researchers,healthy,approved,ericmigi.com,https://ericmigi.com/rss.xml,4,20,150,200,0,2026-10-04T09:55:31.736Z,2026-10-04T09:54:23.141Z,
antirez-com,antirez.com,Independent Researchers,healthy,approved,antirez.com,http://antirez.com/rss,4,20,150,200,0,2026-10-04T09:55:31.736Z,2026-10-04T09:54:23.141Z,
idiallo-com,idiallo.com,Independent Researchers,healthy,approved,idiallo.com,https://idiallo.com/feed.rss,4,20,150,200,0,2026-10-04T09:55:31.736Z,2026-10-04T09:54:23.141Z,
maurycyz-com,maurycyz.com,Independent Researchers,healthy,approved,maurycyz.com,https://maurycyz.com/index.xml,4,20,150,200,0,2026-10-04T09:55:31.736Z,2026-10-04T09:54:23.141Z,
pluralistic-net,pluralistic.net,Independent Researchers,healthy,approved,pluralistic.net,https://pluralistic.net/feed/,4,20,150,200,0,2026-10-04T09:55:31.736Z,2026-10-04T09:54:23.141Z,
shkspr-mobi,shkspr.mobi,Independent Researchers,healthy,approved,shkspr.mobi,https://shkspr.mobi/blog/feed/,4,20,150,200,0,2026-10-04T09:55:31.736Z,2026-10-04T09:54:23.141Z,
lcamtuf-substack-com,lcamtuf.substack.com,Independent Researchers,healthy,approved,lcamtuf.substack.com,https://lcamtuf.substack.com/feed,4,20,150,200,0,2026-10-04T09:55:31.736Z,2026-10-04T09:54:23.141Z,
mitchellh-com,mitchellh.com,Independent Researchers,healthy,approved,mitchellh.com,https://mitchellh.com/feed.xml,4,20,150,200,0,2026-10-04T09:55:31.736Z,2026-10-04T09:54:23.141Z,
dynomight-net,dynomight.net,Independent Researchers,healthy,approved,dynomight.net,https://dynomight.net/feed.xml,4,20,150,200,0,2026-10-04T09:55:31.736Z,2026-10-04T09:54:23.141Z,
utcc-utoronto-ca-cks,utcc.utoronto.ca/~cks,Independent Researchers,healthy,approved,utcc.utoronto.ca,https://utcc.utoronto.ca/~cks/space/blog/?atom=,4,20,150,200,0,2026-10-04T09:55:31.736Z,2026-10-04T09:54:23.141Z,
xeiaso-net,xeiaso.net,Independent Researchers,healthy,approved,xeiaso.net,https://xeiaso.net/blog.rss,4,20,150,200,0,2026-10-04T09:55:31.736Z,2026-10-04T09:54:23.141Z,
devblogs-microsoft-com-oldnewthing,devblogs.microsoft.com/oldnewthing,Independent Researchers,healthy,approved,devblogs.microsoft.com,https://devblogs.microsoft.com/oldnewthing/feed,4,20,150,200,0,2026-10-04T09:55:31.736Z,2026-10-04T09:54:23.141Z,
righto-com,righto.com,Independent Researchers,healthy,approved,righto.com,https://www.righto.com/feeds/posts/default,4,20,150,200,0,2026-10-04T09:55:31.736Z,2026-10-04T09:54:23.141Z,
garymarcus-substack-com,garymarcus.substack.com,Independent Researchers,healthy,approved,garymarcus.substack.com,https://garymarcus.substack.com/feed,4,20,150,200,0,2026-10-04T09:55:31.736Z,2026-10-04T09:54:23.141Z,
overreacted-io,overreacted.io,Independent Researchers,healthy,approved,overreacted.io,https://overreacted.io/rss.xml,4,20,150,200,0,2026-10-04T09:55:31.736Z,2026-10-04T09:54:23.141Z,
timsh-org,timsh.org,Independent Researchers,healthy,approved,timsh.org,https://timsh.org/rss/,4,20,150,200,0,2026-10-04T09:55:31.736Z,2026-10-04T09:54:23.141Z,
johndcook-com,johndcook.com,Independent Researchers,healthy,approved,johndcook.com,https://www.johndcook.com/blog/feed/,4,20,150,200,0,2026-10-04T09:55:31.736Z,2026-10-04T09:54:23.141Z,
gilesthomas-com,gilesthomas.com,Independent Researchers,healthy,approved,gilesthomas.com,https://gilesthomas.com/feed/rss.xml,4,20,150,200,0,2026-10-04T09:55:31.736Z,2026-10-04T09:54:23.141Z,
matklad-github-io,matklad.github.io,Independent Researchers,healthy,approved,matklad.github.io,https://matklad.github.io/feed.xml,4,20,150,200,0,2026-10-04T09:55:31.736Z,2026-10-04T09:54:23.141Z,
derekthompson-org,derekthompson.org,Independent Researchers,healthy,approved,theatlantic.com,https://www.theatlantic.com/feed/author/derek-thompson/,4,20,150,200,0,2026-10-04T09:55:31.736Z,2026-10-04T09:54:23.141Z,
evanhahn-com,evanhahn.com,Independent Researchers,healthy,approved,evanhahn.com,https://evanhahn.com/feed.xml,4,20,150,200,0,2026-10-04T09:55:31.736Z,2026-10-04T09:54:23.141Z,
terriblesoftware-org,terriblesoftware.org,Independent Researchers,healthy,approved,terriblesoftware.org,https://terriblesoftware.org/feed/,4,20,150,200,0,2026-10-04T09:55:31.736Z,2026-10-04T09:54:23.141Z,
rakhim-exotext-com,rakhim.exotext.com,Independent Researchers,healthy,approved,rakhim.exotext.com,https://rakhim.exotext.com/rss.xml,4,20,150,200,0,2026-10-04T09:55:31.736Z,2026-10-04T09:54:23.141Z,
xania-org,xania.org,Independent Researchers,healthy,approved,xania.org,https://xania.org/feed,4,20,150,200,0,2026-10-04T09:55:31.736Z,2026-10-04T09:54:23.141Z,
micahflee-com,micahflee.com,Independent Researchers,healthy,approved,micahflee.com,https://micahflee.com/feed/,4,20,150,200,0,2026-10-04T09:55:31.736Z,2026-10-04T09:54:23.141Z,
nesbitt-io,nesbitt.io,Independent Researchers,healthy,approved,nesbitt.io,https://nesbitt.io/feed.xml,4,20,150,200,0,2026-10-04T09:55:31.736Z,2026-10-04T09:54:23.141Z,
construction-physics-com,construction-physics.com,Independent Researchers,healthy,approved,construction-physics.com,https://www.construction-physics.com/feed,4,20,150,200,0,2026-10-04T09:55:31.736Z,2026-10-04T09:54:23.141Z,
tedium-co,tedium.co,Independent Researchers,healthy,approved,feed.tedium.co,https://feed.tedium.co/,4,20,150,200,0,2026-10-04T09:55:31.736Z,2026-10-04T09:54:23.141Z,
susam-net,susam.net,Independent Researchers,healthy,approved,susam.net,https://susam.net/feed.xml,4,20,150,200,0,2026-10-04T09:55:31.736Z,2026-10-04T09:54:23.141Z,
entropicthoughts-com,entropicthoughts.com,Independent Researchers,healthy,approved,entropicthoughts.com,https://entropicthoughts.com/feed.xml,4,20,150,200,0,2026-10-04T09:55:31.736Z,2026-10-04T09:54:23.141Z,
buttondown-com-hillelwayne,buttondown.com/hillelwayne,Independent Researchers,healthy,approved,buttondown.com,https://buttondown.com/hillelwayne/rss,4,20,150,200,0,2026-10-04T09:55:31.736Z,2026-10-04T09:54:23.141Z,
borretti-me,borretti.me,Independent Researchers,healthy,approved,borretti.me,https://borretti.me/feed.xml,4,20,150,200,0,2026-10-04T09:55:31.736Z,2026-10-04T09:54:23.141Z,
wheresyoured-at,wheresyoured.at,Independent Researchers,healthy,approved,wheresyoured.at,https://www.wheresyoured.at/rss/,4,20,150,200,0,2026-10-04T09:55:31.736Z,2026-10-04T09:54:23.141Z,
jayd-ml,jayd.ml,Independent Researchers,healthy,approved,jayd.ml,https://jayd.ml/feed.xml,4,20,150,200,0,2026-10-04T09:55:31.736Z,2026-10-04T09:54:23.141Z,
minimaxir-com,minimaxir.com,Independent Researchers,healthy,approved,minimaxir.com,https://minimaxir.com/index.xml,4,20,150,200,0,2026-10-04T09:55:31.736Z,2026-10-04T09:54:23.141Z,
geohot-github-io,geohot.github.io,Independent Researchers,healthy,approved,geohot.github.io,https://geohot.github.io/blog/feed.xml,4,20,150,200,0,2026-10-04T09:55:31.736Z,2026-10-04T09:54:23.141Z,
paulgraham-com,paulgraham.com,Independent Researchers,healthy,approved,aaronsw.com,http://www.aaronsw.com/2002/feeds/pgessays.rss,4,20,150,200,0,2026-10-04T09:55:31.736Z,2026-10-04T09:54:23.141Z,
filfre-net,filfre.net,Independent Researchers,healthy,approved,filfre.net,https://www.filfre.net/feed/,4,20,150,200,0,2026-10-04T09:55:31.736Z,2026-10-04T09:54:23.141Z,
blog-jim-nielsen-com,blog.jim-nielsen.com,Independent Researchers,healthy,approved,blog.jim-nielsen.com,https://blog.jim-nielsen.com/feed.xml,4,20,150,200,0,2026-10-04T09:55:31.736Z,2026-10-04T09:54:23.141Z,
dfarq-homeip-net,dfarq.homeip.net,Independent Researchers,healthy,approved,dfarq.homeip.net,https://dfarq.homeip.net/feed/,4,20,150,200,0,2026-10-04T09:55:31.736Z,2026-10-04T09:54:23.141Z,
jyn-dev,jyn.dev,Independent Researchers,healthy,approved,jyn.dev,https://jyn.dev/atom.xml,4,20,150,200,0,2026-10-04T09:55:31.736Z,2026-10-04T09:54:23.141Z,
geoffreylitt-com,geoffreylitt.com,Independent Researchers,healthy,approved,geoffreylitt.com,https://www.geoffreylitt.com/feed.xml,4,20,150,200,0,2026-10-04T09:55:31.736Z,2026-10-04T09:54:23.141Z,
downtowndougbrown-com,downtowndougbrown.com,Independent Researchers,healthy,approved,downtowndougbrown.com,https://www.downtowndougbrown.com/feed/,4,20,150,200,0,2026-10-04T09:55:31.736Z,2026-10-04T09:54:23.141Z,
brutecat-com,brutecat.com,Independent Researchers,healthy,approved,brutecat.com,https://brutecat.com/rss.xml,4,20,150,200,0,2026-10-04T09:55:31.736Z,2026-10-04T09:54:23.141Z,
eli-thegreenplace-net,eli.thegreenplace.net,Independent Researchers,healthy,approved,eli.thegreenplace.net,https://eli.thegreenplace.net/feeds/all.atom.xml,4,20,150,200,0,2026-10-04T09:55:31.736Z,2026-10-04T09:54:23.141Z,
abortretry-fail,abortretry.fail,Independent Researchers,healthy,approved,abortretry.fail,https://www.abortretry.fail/feed,4,20,150,200,0,2026-10-04T09:55:31.736Z,2026-10-04T09:54:23.141Z,
fabiensanglard-net,fabiensanglard.net,Independent Researchers,healthy,approved,fabiensanglard.net,https://fabiensanglard.net/rss.xml,4,20,150,200,0,2026-10-04T09:55:31.736Z,2026-10-04T09:54:23.141Z,
oldvcr-blogspot-com,oldvcr.blogspot.com,Independent Researchers,healthy,approved,oldvcr.blogspot.com,https://oldvcr.blogspot.com/feeds/posts/default,4,20,150,200,0,2026-10-04T09:55:31.736Z,2026-10-04T09:54:23.141Z,
bogdanthegeek-github-io,bogdanthegeek.github.io,Independent Researchers,healthy,approved,bogdanthegeek.github.io,https://bogdanthegeek.github.io/blog/index.xml,4,20,150,200,0,2026-10-04T09:55:31.736Z,2026-10-04T09:54:23.141Z,
hugotunius-se,hugotunius.se,Independent Researchers,healthy,approved,hugotunius.se,https://hugotunius.se/feed.xml,4,20,150,200,0,2026-10-04T09:55:31.736Z,2026-10-04T09:54:23.141Z,
gwern-net,gwern.net,Independent Researchers,healthy,approved,gwern.substack.com,https://gwern.substack.com/feed,4,20,150,200,0,2026-10-04T09:55:31.736Z,2026-10-04T09:54:23.141Z,
berthub-eu,berthub.eu,Independent Researchers,healthy,approved,berthub.eu,https://berthub.eu/articles/index.xml,4,20,150,200,0,2026-10-04T09:55:31.736Z,2026-10-04T09:54:23.141Z,
chadnauseam-com,chadnauseam.com,Independent Researchers,healthy,approved,chadnauseam.com,https://chadnauseam.com/rss.xml,4,20,150,200,0,2026-10-04T09:55:31.736Z,2026-10-04T09:54:23.141Z,
simone-org,simone.org,Independent Researchers,healthy,approved,simone.org,https://simone.org/feed/,4,20,150,200,0,2026-10-04T09:55:31.736Z,2026-10-04T09:54:23.141Z,
it-notes-dragas-net,it-notes.dragas.net,Independent Researchers,healthy,approved,it-notes.dragas.net,https://it-notes.dragas.net/feed/,4,20,150,200,0,2026-10-04T09:55:31.736Z,2026-10-04T09:54:23.141Z,
beej-us,beej.us,Independent Researchers,healthy,approved,beej.us,https://beej.us/blog/rss.xml,4,20,150,200,0,2026-10-04T09:55:31.736Z,2026-10-04T09:54:23.141Z,
hey-paris,hey.paris,Independent Researchers,healthy,approved,hey.paris,https://hey.paris/index.xml,4,20,150,200,0,2026-10-04T09:55:31.736Z,2026-10-04T09:54:23.141Z,
danielwirtz-com,danielwirtz.com,Independent Researchers,healthy,approved,danielwirtz.com,https://danielwirtz.com/rss.xml,4,20,150,200,0,2026-10-04T09:55:31.736Z,2026-10-04T09:54:23.141Z,
matduggan-com,matduggan.com,Independent Researchers,healthy,approved,matduggan.com,https://matduggan.com/rss/,4,20,150,200,0,2026-10-04T09:55:31.736Z,2026-10-04T09:54:23.141Z,
refactoringenglish-com,refactoringenglish.com,Independent Researchers,healthy,approved,refactoringenglish.com,https://refactoringenglish.com/index.xml,4,20,150,200,0,2026-10-04T09:55:31.736Z,2026-10-04T09:54:23.141Z,
worksonmymachine-substack-com,worksonmymachine.substack.com,Independent Researchers,healthy,approved,worksonmymachine.substack.com,https://worksonmymachine.substack.com/feed,4,20,150,200,0,2026-10-04T09:55:31.736Z,2026-10-04T09:54:23.141Z,
philiplaine-com,philiplaine.com,Independent Researchers,disabled,candidate,philiplaine.com,https://philiplaine.com/index.xml,0,0,0,,0,,,
steveblank-com,steveblank.com,Independent Researchers,disabled,candidate,steveblank.com,https://steveblank.com/feed/,0,0,0,,0,,,
bernsteinbear-com,bernsteinbear.com,Independent Researchers,disabled,candidate,bernsteinbear.com,https://bernsteinbear.com/feed.xml,0,0,0,,0,,,
danieldelaney-net,danieldelaney.net,Independent Researchers,disabled,candidate,danieldelaney.net,https://danieldelaney.net/feed,0,0,0,,0,,,
herman-bearblog-dev,herman.bearblog.dev,Independent Researchers,disabled,candidate,herman.bearblog.dev,https://herman.bearblog.dev/feed/,0,0,0,,0,,,
tomrenner-com,tomrenner.com,Independent Researchers,disabled,candidate,tomrenner.com,https://tomrenner.com/index.xml,0,0,0,,0,,,
blog-pixelmelt-dev,blog.pixelmelt.dev,Independent Researchers,disabled,candidate,blog.pixelmelt.dev,https://blog.pixelmelt.dev/rss/,0,0,0,,0,,,
martinalderson-com,martinalderson.com,Independent Researchers,disabled,candidate,martinalderson.com,https://martinalderson.com/feed.xml,0,0,0,,0,,,
danielchasehooper-com,danielchasehooper.com,Independent Researchers,disabled,candidate,danielchasehooper.com,https://danielchasehooper.com/feed.xml,0,0,0,,0,,,
chiark-greenend-org-uk-sgtatham,chiark.greenend.org.uk/~sgtatham,Independent Researchers,disabled,candidate,chiark.greenend.org.uk,https://www.chiark.greenend.org.uk/~sgtatham/quasiblog/feed.xml,0,0,0,,0,,,
grantslatton-com,grantslatton.com,Independent Researchers,disabled,candidate,grantslatton.com,https://grantslatton.com/rss.xml,0,0,0,,0,,,
experimental-history-com,experimental-history.com,Independent Researchers,disabled,candidate,experimental-history.com,https://www.experimental-history.com/feed,0,0,0,,0,,,
anildash-com,anildash.com,Independent Researchers,disabled,candidate,anildash.com,https://anildash.com/feed.xml,0,0,0,,0,,,
aresluna-org,aresluna.org,Independent Researchers,disabled,candidate,aresluna.org,https://aresluna.org/main.rss,0,0,0,,0,,,
michael-stapelberg-ch,michael.stapelberg.ch,Independent Researchers,disabled,candidate,michael.stapelberg.ch,https://michael.stapelberg.ch/feed.xml,0,0,0,,0,,,
miguelgrinberg-com,miguelgrinberg.com,Independent Researchers,disabled,candidate,blog.miguelgrinberg.com,https://blog.miguelgrinberg.com/feed,0,0,0,,0,,,
keygen-sh,keygen.sh,Independent Researchers,disabled,candidate,keygen.sh,https://keygen.sh/blog/feed.xml,0,0,0,,0,,,
mjg59-dreamwidth-org,mjg59.dreamwidth.org,Independent Researchers,disabled,candidate,mjg59.dreamwidth.org,https://mjg59.dreamwidth.org/data/rss,0,0,0,,0,,,
computer-rip,computer.rip,Independent Researchers,disabled,candidate,computer.rip,https://computer.rip/rss.xml,0,0,0,,0,,,
skyfall-dev,skyfall.dev,Independent Researchers,disabled,candidate,skyfall.dev,https://skyfall.dev/rss.xml,0,0,0,,0,,,
dwarkesh-com,dwarkesh.com,Independent Researchers,disabled,candidate,dwarkeshpatel.com,https://www.dwarkeshpatel.com/feed,0,0,0,,0,,,
articles-infostealers,Articles | InfoStealers,Independent Researchers,disabled,candidate,infostealers.com,https://www.infostealers.com/learn-info-stealers/feed,0,0,0,,0,,,
promptlayer,PromptLayer,Independent Researchers,disabled,candidate,blog.promptlayer.com,https://blog.promptlayer.com/rss/,0,0,0,,0,,,
emergent-minds-paddo-dev,Emergent Minds | paddo.dev,Independent Researchers,disabled,candidate,paddo.dev,https://paddo.dev/rss.xml,0,0,0,,0,,,
engineering,Engineering,Independent Researchers,disabled,candidate,rss.app,https://rss.app/feeds/E5pQ7SXRZQVEiFuh.xml,0,0,0,,0,,,
cursor,博客 · Cursor,Independent Researchers,disabled,candidate,rss.app,https://rss.app/feeds/gURU8i2ldFzpwRCr.xml,0,0,0,,0,,,
openai-newsroom-engineering,OpenAI Newsroom | Engineering,Independent Researchers,disabled,candidate,rss.app,https://rss.app/feeds/75Fpp0Mbx9x4TbDs.xml,0,0,0,,0,,,
lil-log,"Lil'Log",Independent Researchers,disabled,candidate,lilianweng.github.io,https://lilianweng.github.io/index.xml,0,0,0,,0,,,
hugging-face-blog,Hugging Face Blog,Independent Researchers,disabled,candidate,huggingface.co,https://huggingface.co/blog/feed.xml,0,0,0,,0,,,
openai-blog,OpenAI Blog,Independent Researchers,disabled,candidate,openai.com,https://openai.com/blog/rss.xml,0,0,0,,0,,,
sebastian-raschka,Sebastian Raschka,Independent Researchers,disabled,candidate,magazine.sebastianraschka.com,https://magazine.sebastianraschka.com/feed,0,0,0,,0,,,
google-ai-blog,Google AI Blog,Independent Researchers,disabled,candidate,blog.google,https://blog.google/technology/ai/rss/,0,0,0,,0,,,
hacker-news-frontpage,Hacker News Frontpage,Independent Researchers,disabled,candidate,hnrss.org,https://hnrss.org/frontpage,0,0,0,,0,,,
ars-technica-1,Ars Technica,Independent Researchers,disabled,candidate,feeds.arstechnica.com,https://feeds.arstechnica.com/arstechnica/index,0,0,0,,0,,,
techcrunch,TechCrunch,Independent Researchers,disabled,candidate,techcrunch.com,https://techcrunch.com/feed/,0,0,0,,0,,,
the-verge,The Verge,Independent Researchers,disabled,candidate,theverge.com,https://www.theverge.com/rss/index.xml,0,0,0,,0,,,
r-machinelearning,r/MachineLearning,Independent Researchers,disabled,candidate,reddit.com,https://www.reddit.com/r/MachineLearning/.rss,0,0,0,,0,,,
qbitai,量子位 QbitAI,Independent Researchers,disabled,candidate,qbitai.com,https://www.qbitai.com/feed,0,0,0,,0,,,
mit-technology-review,MIT Technology Review,Independent Researchers,disabled,candidate,technologyreview.com,https://www.technologyreview.com/feed,0,0,0,,0,,,
venturebeat-ai,VentureBeat AI,Independent Researchers,disabled,candidate,venturebeat.com,https://venturebeat.com/category/ai/feed/,0,0,0,,0,,,
404-media,404 Media,Independent Researchers,disabled,candidate,404media.co,https://www.404media.co/rss,0,0,0,,0,,,
bytebytego,ByteByteGo,Independent Researchers,disabled,candidate,blog.bytebytego.com,https://blog.bytebytego.com/feed,0,0,0,,0,,,
nvidia-ai-blog,NVIDIA AI Blog,Independent Researchers,disabled,candidate,blogs.nvidia.com,https://blogs.nvidia.com/feed/,0,0,0,,0,,,
google-deepmind-blog,Google DeepMind Blog,Independent Researchers,disabled,candidate,deepmind.google,https://deepmind.google/blog/rss.xml,0,0,0,,0,,,
product-hunt,Product Hunt,Independent Researchers,disabled,candidate,producthunt.com,https://www.producthunt.com/feed,0,0,0,,0,,,
source-19,爱范儿,Independent Researchers,disabled,candidate,ifanr.com,https://www.ifanr.com/feed,0,0,0,,0,,,
source-20,少数派,Independent Researchers,disabled,candidate,sspai.com,https://sspai.com/feed,0,0,0,,0,,,
wired,Wired,Independent Researchers,disabled,candidate,wired.com,https://www.wired.com/feed/rss,0,0,0,,0,,,
ieee-spectrum,IEEE Spectrum,Independent Researchers,disabled,candidate,spectrum.ieee.org,https://spectrum.ieee.org/feeds/feed.rss,0,0,0,,0,,,
ben-s-bites,"Ben's Bites",Independent Researchers,disabled,candidate,bensbites.com,https://www.bensbites.com/feed,0,0,0,,0,,,
the-decoder,The Decoder,Independent Researchers,disabled,candidate,the-decoder.com,https://the-decoder.com/feed/,0,0,0,,0,,,
source-21,腾讯玄武实验室,Independent Researchers,disabled,candidate,xlab.tencent.com,https://xlab.tencent.com/cn/atom.xml,0,0,0,,0,,,
source-22,华为安全通告,Independent Researchers,disabled,candidate,huawei.com,https://www.huawei.com/cn/rss-feeds/psirt/rss,0,0,0,,0,,,
source-23,腾讯科恩实验室官方博客,Independent Researchers,disabled,candidate,keenlab.tencent.com,https://keenlab.tencent.com/zh/atom.xml,0,0,0,,0,,,
source-24,腾讯安全响应中心,Independent Researchers,disabled,candidate,security.tencent.com,https://security.tencent.com/index.php/feed/blog/0,0,0,0,,0,,,
nosec-1,NOSEC 安全讯息平台 - 漏洞预警,Independent Researchers,disabled,candidate,rsshub.zhengjim.com,https://rsshub.zhengjim.com/nosec/hole,0,0,0,,0,,,
90sec,90Sec - 专注于网络空间安全,Independent Researchers,disabled,candidate,forum.90sec.com,https://forum.90sec.com/latest.rss,0,0,0,,0,,,
cert,奇安信CERT,Independent Researchers,disabled,candidate,wechat2rss.xlab.app,https://wechat2rss.xlab.app/feed/981c000a01bbdc1f128d260cc91c15d3a6afb530.xml,0,0,0,,0,,,
cert-1,绿盟科技CERT,Independent Researchers,disabled,candidate,wechat2rss.xlab.app,https://wechat2rss.xlab.app/feed/aa2ff3b0167a3f449f3b116717b5350ab64df8c3.xml,0,0,0,,0,,,
wiki-wiki,白帽Wiki - 一个简单的wiki,Independent Researchers,disabled,candidate,key08.com,https://key08.com/index.php/feed,0,0,0,,0,,,
source-25,思想花火,Independent Researchers,disabled,candidate,wechat2rss.xlab.app,https://wechat2rss.xlab.app/feed/5b925323244e9737c39285596c53e3a2f4a30774.xml,0,0,0,,0,,,
source-26,吾爱破解论坛,Independent Researchers,disabled,candidate,wechat2rss.xlab.app,https://wechat2rss.xlab.app/feed/90c827b8290310a96ef80a13df9dbcc06ab69892.xml,0,0,0,,0,,,
source-27,赵武的自留地,Independent Researchers,disabled,candidate,wechat2rss.xlab.app,https://wechat2rss.xlab.app/feed/1bbf7fc5fac024226f86a1851c682253a7eae63f.xml,0,0,0,,0,,,
source-28,看雪学院,Independent Researchers,disabled,candidate,wechat2rss.xlab.app,https://wechat2rss.xlab.app/feed/0e026637254d450ae84c59f87d4e4fb4616651ca.xml,0,0,0,,0,,,
source-29,道哥的黑板报,Independent Researchers,disabled,candidate,wechat2rss.xlab.app,https://wechat2rss.xlab.app/feed/980128c3a0c9ff852a06dd4a2bc3391338e05760.xml,0,0,0,,0,,,
source-30,腾讯安全应急响应中心,Independent Researchers,disabled,candidate,wechat2rss.xlab.app,https://wechat2rss.xlab.app/feed/7898375f78fd1018302d54577cd0fd05d5ed324f.xml,0,0,0,,0,,,
source-31,安全小飞侠,Independent Researchers,disabled,candidate,wechat2rss.xlab.app,https://wechat2rss.xlab.app/feed/869b4e387a017fdd76a56b965ee0ab22c2a52dc2.xml,0,0,0,,0,,,
source-32,酒仙桥六号部队,Independent Researchers,disabled,candidate,wechat2rss.xlab.app,https://wechat2rss.xlab.app/feed/164eeaeb12a8d95384d8807f41d3572569296029.xml,0,0,0,,0,,,
source-33,威努特工控安全,Independent Researchers,disabled,candidate,wechat2rss.xlab.app,https://wechat2rss.xlab.app/feed/ee4960f396fadae69f69e0711da85f1196e03651.xml,0,0,0,,0,,,
source-34,小迪随笔,Independent Researchers,disabled,candidate,wechat2rss.xlab.app,https://wechat2rss.xlab.app/feed/5086d647f212ae93f39db2da1973dc3f446b0d95.xml,0,0,0,,0,,,
seebug-1,Seebug漏洞平台,Independent Researchers,disabled,candidate,wechat2rss.xlab.app,https://wechat2rss.xlab.app/feed/be2795d741304af2370cbf8d31d1e5d3675f8e85.xml,0,0,0,,0,,,
source-35,信息时代的犯罪侦查,Independent Researchers,disabled,candidate,wechat2rss.xlab.app,https://wechat2rss.xlab.app/feed/58217cc5c14a568f5b4141527344b58ba7449380.xml,0,0,0,,0,,,
source-36,安全引擎,Independent Researchers,disabled,candidate,wechat2rss.xlab.app,https://wechat2rss.xlab.app/feed/002fe975bae4232ce63c51ef77519d0f1cb646c8.xml,0,0,0,,0,,,
source-37,黑鸟,Independent Researchers,disabled,candidate,wechat2rss.xlab.app,https://wechat2rss.xlab.app/feed/f22e132bbbc4e8070cd51c0a84802f940e131a20.xml,0,0,0,,0,,,
source-38,懒人在思考,Independent Researchers,disabled,candidate,wechat2rss.xlab.app,https://wechat2rss.xlab.app/feed/773908acbc527a9a8637862bc6fad7fc8a916090.xml,0,0,0,,0,,,
source-39,关注安全技术,Independent Researchers,disabled,candidate,wechat2rss.xlab.app,https://wechat2rss.xlab.app/feed/2f38aa5ec9e067b1d02196f5a50665f8ec23a4e4.xml,0,0,0,,0,,,
source-40,安全分析与研究,Independent Researchers,disabled,candidate,wechat2rss.xlab.app,https://wechat2rss.xlab.app/feed/62ba31603ffe26b5a8eca9ddaa434ea612445c10.xml,0,0,0,,0,,,
source-41,微步在线研究响应中心,Independent Researchers,disabled,candidate,wechat2rss.xlab.app,https://wechat2rss.xlab.app/feed/ac64c385ebcdb17fee8df733eb620a22b979928c.xml,0,0,0,,0,,,
source-42,安全客,Independent Researchers,disabled,candidate,wechat2rss.xlab.app,https://wechat2rss.xlab.app/feed/7fc9f5344f14228ba49208282d844349f8afdee7.xml,0,0,0,,0,,,
source-43,长亭安全课堂,Independent Researchers,disabled,candidate,wechat2rss.xlab.app,https://wechat2rss.xlab.app/feed/ae5cf9ab99ae03269527af0f7a6c05ff14d5863c.xml,0,0,0,,0,,,
source-44,虎符智库,Independent Researchers,disabled,candidate,wechat2rss.xlab.app,https://wechat2rss.xlab.app/feed/792558edf818ce03d377d1d2677afb4d6537853d.xml,0,0,0,,0,,,
web,Web安全与前端,Independent Researchers,disabled,candidate,wechat2rss.xlab.app,https://wechat2rss.xlab.app/feed/837190f74457627e0a5567700c573fe8afd7d3fe.xml,0,0,0,,0,,,
source-45,我需要的是坚持,Independent Researchers,disabled,candidate,wechat2rss.xlab.app,https://wechat2rss.xlab.app/feed/f71ad3ac4c5e75b79b162c720389aa4d8f72bdd3.xml,0,0,0,,0,,,
100,白帽100安全攻防实验室,Independent Researchers,disabled,candidate,wechat2rss.xlab.app,https://wechat2rss.xlab.app/feed/55990eaae05ad1430e2ba4955756b215a99896c9.xml,0,0,0,,0,,,
source-46,锦行信息安全,Independent Researchers,disabled,candidate,wechat2rss.xlab.app,https://wechat2rss.xlab.app/feed/d04e70055c2d31441deb3188d433a027fc8079cc.xml,0,0,0,,0,,,
sosly,sosly菜鸟笔记,Independent Researchers,disabled,candidate,wechat2rss.xlab.app,https://wechat2rss.xlab.app/feed/3b20077b01e05fe90c8d62aa2743c36ed8b5165a.xml,0,0,0,,0,,,
source-47,绿盟科技研究通讯,Independent Researchers,disabled,candidate,wechat2rss.xlab.app,https://wechat2rss.xlab.app/feed/21b46d78e363b85d6927970267ecea4904f06bc8.xml,0,0,0,,0,,,
chamd5,ChaMd5安全团队,Independent Researchers,disabled,candidate,wechat2rss.xlab.app,https://wechat2rss.xlab.app/feed/ffb536c22df3989d8077ce9babb475f41719d62d.xml,0,0,0,,0,,,
source-48,全频带阻塞干扰,Independent Researchers,disabled,candidate,wechat2rss.xlab.app,https://wechat2rss.xlab.app/feed/d2b0dc03acc579a8a9c7aa45bf1f531ed5563f59.xml,0,0,0,,0,,,
xray,xray社区,Independent Researchers,disabled,candidate,wechat2rss.xlab.app,https://wechat2rss.xlab.app/feed/19e49fc43c29d227aed74edba9830e7e1c71161e.xml,0,0,0,,0,,,
source-49,农夫安全团队,Independent Researchers,disabled,candidate,wechat2rss.xlab.app,https://wechat2rss.xlab.app/feed/ea9b226a78afac0166bb9bdee7de836766441073.xml,0,0,0,,0,,,
source-50,皮相,Independent Researchers,disabled,candidate,wechat2rss.xlab.app,https://wechat2rss.xlab.app/feed/41a459a80e37e15d9706465eee48ff491911a36f.xml,0,0,0,,0,,,
vivo,vivo千镜安全实验室,Independent Researchers,disabled,candidate,wechat2rss.xlab.app,https://wechat2rss.xlab.app/feed/6f07fe5af57e7a13c75b12bd0718840bdf4dc3f2.xml,0,0,0,,0,,,
source-51,雷神众测,Independent Researchers,disabled,candidate,wechat2rss.xlab.app,https://wechat2rss.xlab.app/feed/3fc5f554af76c0164779add7c5206bdc6f2efe5b.xml,0,0,0,,0,,,
source-52,猎户攻防实验室,Independent Researchers,disabled,candidate,wechat2rss.xlab.app,https://wechat2rss.xlab.app/feed/fe0f4b4ed13da1bd9296fe819c5770526ae910b0.xml,0,0,0,,0,,,
source-53,灾难控制局,Independent Researchers,disabled,candidate,wechat2rss.xlab.app,https://wechat2rss.xlab.app/feed/1559746776b3cf0a4aea8dd4f2979f71108093de.xml,0,0,0,,0,,,
source-54,奇安信威胁情报中心,Independent Researchers,disabled,candidate,wechat2rss.xlab.app,https://wechat2rss.xlab.app/feed/b93962f981247c0091dad08df5b7a6864ab888e9.xml,0,0,0,,0,,,
source-55,丁爸情报分析师的工具箱,Independent Researchers,disabled,candidate,wechat2rss.xlab.app,https://wechat2rss.xlab.app/feed/4fad165589ac854de97e576a6dbcfbd8b9f75320.xml,0,0,0,,0,,,
source-56,君哥的体历,Independent Researchers,disabled,candidate,wechat2rss.xlab.app,https://wechat2rss.xlab.app/feed/947b46dba9754e10360d267a5ee9a87597e0bafe.xml,0,0,0,,0,,,
source-57,暗影安全,Independent Researchers,disabled,candidate,wechat2rss.xlab.app,https://wechat2rss.xlab.app/feed/44dc3cfe1a58cd4c818178052cbca34c5f9b336d.xml,0,0,0,,0,,,
sdl,代码审计SDL,Independent Researchers,disabled,candidate,wechat2rss.xlab.app,https://wechat2rss.xlab.app/feed/bec4267fed1028fa85c18e1281f7a358d6c8c706.xml,0,0,0,,0,,,
source-58,代码卫士,Independent Researchers,disabled,candidate,wechat2rss.xlab.app,https://wechat2rss.xlab.app/feed/77cfc87fa0e7200d7ef74c8956eca2e44fd6a4ec.xml,0,0,0,,0,,,
source-59,我的安全视界观,Independent Researchers,disabled,candidate,wechat2rss.xlab.app,https://wechat2rss.xlab.app/feed/956e0bcbfd7dc0ca5274a3489bd2cc03cda26907.xml,0,0,0,,0,,,
source-60,技艺丛谈,Independent Researchers,disabled,candidate,wechat2rss.xlab.app,https://wechat2rss.xlab.app/feed/45ef431eb5e61b3ff7802ef329290a4dcc377031.xml,0,0,0,,0,,,
flanker,Flanker论安全,Independent Researchers,disabled,candidate,wechat2rss.xlab.app,https://wechat2rss.xlab.app/feed/18cb4f6ce17f4be6e5062dfb47a6036fe9c36a25.xml,0,0,0,,0,,,
source-61,同程旅行安全应急响应中心,Independent Researchers,disabled,candidate,wechat2rss.xlab.app,https://wechat2rss.xlab.app/feed/b12f8ab2025298044029c05a3c26c3bfe8e9256a.xml,0,0,0,,0,,,
gobysec,GobySec,Independent Researchers,disabled,candidate,wechat2rss.xlab.app,https://wechat2rss.xlab.app/feed/84fdb53acad07ab607128a9f387cefdee53809dd.xml,0,0,0,,0,,,
source-62,互联网安全内参,Independent Researchers,disabled,candidate,wechat2rss.xlab.app,https://wechat2rss.xlab.app/feed/d5eb8577bf93aacdd7481ad0c3364939096b99a1.xml,0,0,0,,0,,,
360,360漏洞云,Independent Researchers,disabled,candidate,wechat2rss.xlab.app,https://wechat2rss.xlab.app/feed/ca1fddd8505a3473feed12c0bee898e97d4d5eae.xml,0,0,0,,0,,,
source-63,红日安全,Independent Researchers,disabled,candidate,wechat2rss.xlab.app,https://wechat2rss.xlab.app/feed/3b69d8965599130a19b70d7690b5abdb7d107483.xml,0,0,0,,0,,,
source-64,信安之路,Independent Researchers,disabled,candidate,wechat2rss.xlab.app,https://wechat2rss.xlab.app/feed/05b37f288856a510f293be0ff7ef4dfe212ec7e0.xml,0,0,0,,0,,,
source-65,阿里云应急响应,Independent Researchers,disabled,candidate,wechat2rss.xlab.app,https://wechat2rss.xlab.app/feed/311c02e5c56e5c0bcdf41924909407ed2d569d2a.xml,0,0,0,,0,,,
source-66,奇安信病毒响应中心,Independent Researchers,disabled,candidate,wechat2rss.xlab.app,https://wechat2rss.xlab.app/feed/7874947663d806190d77bdca6f8f6855f65a1b20.xml,0,0,0,,0,,,
source-67,天黑说嘿话,Independent Researchers,disabled,candidate,wechat2rss.xlab.app,https://wechat2rss.xlab.app/feed/d5a661c1beccdff18ba1ae018514e4d702feac74.xml,0,0,0,,0,,,
source-68,安全实践,Independent Researchers,disabled,candidate,wechat2rss.xlab.app,https://wechat2rss.xlab.app/feed/2d77edf78f6cc321308b81ac9f5d117e2f3fb7d1.xml,0,0,0,,0,,,
n1nty,n1nty,Independent Researchers,disabled,candidate,wechat2rss.xlab.app,https://wechat2rss.xlab.app/feed/48215981e3bd81ce5f1739196cddf14b59835193.xml,0,0,0,,0,,,
source-69,腾讯安全威胁情报中心,Independent Researchers,disabled,candidate,wechat2rss.xlab.app,https://wechat2rss.xlab.app/feed/034265b14906a59ef7cf1fcbd56699b54a696094.xml,0,0,0,,0,,,
source-70,安恒信息安全研究院,Independent Researchers,disabled,candidate,wechat2rss.xlab.app,https://wechat2rss.xlab.app/feed/a54132c52ec3e562fc896bf803a7fe0aa277bab7.xml,0,0,0,,0,,,
source-71,梦之光芒的电子梦,Independent Researchers,disabled,candidate,wechat2rss.xlab.app,https://wechat2rss.xlab.app/feed/e83f8149ea130c384bb4cb8d690b33bd392ce1b6.xml,0,0,0,,0,,,
dotnet,dotNet安全研究僧,Independent Researchers,disabled,candidate,wechat2rss.xlab.app,https://wechat2rss.xlab.app/feed/f5af2c80f2132cb0ea9cf4094145ece266a59bc3.xml,0,0,0,,0,,,
source-72,安全喷子,Independent Researchers,disabled,candidate,wechat2rss.xlab.app,https://wechat2rss.xlab.app/feed/158efac9a94e62404af4bc804a6d6dcd55caa44f.xml,0,0,0,,0,,,
404notf0und,404NotF0und,Independent Researchers,disabled,candidate,wechat2rss.xlab.app,https://wechat2rss.xlab.app/feed/56ccecd04a64c0459442d07f30325218f8b4f210.xml,0,0,0,,0,,,
source-73,天御攻防实验室,Independent Researchers,disabled,candidate,wechat2rss.xlab.app,https://wechat2rss.xlab.app/feed/8b57281ce8c62c8bf12743aeb0279bfb807eb00d.xml,0,0,0,,0,,,
source-74,漏洞战争,Independent Researchers,disabled,candidate,wechat2rss.xlab.app,https://wechat2rss.xlab.app/feed/a884cb33e3393db2f683c48d82012836295ec005.xml,0,0,0,,0,,,
source-75,认知独省,Independent Researchers,disabled,candidate,wechat2rss.xlab.app,https://wechat2rss.xlab.app/feed/83f81eece114fa0cb211ab5379fda72760dc5b68.xml,0,0,0,,0,,,
source-76,腾讯科恩实验室,Independent Researchers,disabled,candidate,wechat2rss.xlab.app,https://wechat2rss.xlab.app/feed/13584cb01e8bf3297943a0dad49e53c6faf20611.xml,0,0,0,,0,,,
hacking,Hacking就是好玩,Independent Researchers,disabled,candidate,wechat2rss.xlab.app,https://wechat2rss.xlab.app/feed/01af96b91d0bd5570ab2c3f1237436791fd47d90.xml,0,0,0,,0,,,
source-77,矛和盾的故事,Independent Researchers,disabled,candidate,wechat2rss.xlab.app,https://wechat2rss.xlab.app/feed/308da52e82d7f7bc2a9f6a5f63633c5567b7af08.xml,0,0,0,,0,,,
source-78,软件安全与逆向分析,Independent Researchers,disabled,candidate,wechat2rss.xlab.app,https://wechat2rss.xlab.app/feed/021e3a28dfa435253d1b5610e6678205ea0919b6.xml,0,0,0,,0,,,
source-79,我的安全梦,Independent Researchers,disabled,candidate,wechat2rss.xlab.app,https://wechat2rss.xlab.app/feed/aff52b9db3b57b1fcf24b40668d44baecd3da044.xml,0,0,0,,0,,,
source-80,云鼎实验室,Independent Researchers,disabled,candidate,wechat2rss.xlab.app,https://wechat2rss.xlab.app/feed/d762fbf5f8f256afb63bcfe9a362184072338819.xml,0,0,0,,0,,,
58,58安全应急响应中心,Independent Researchers,disabled,candidate,wechat2rss.xlab.app,https://wechat2rss.xlab.app/feed/f4ff9e0e30f68dd38a44232522bdb980791a7587.xml,0,0,0,,0,,,
debugeeker,debugeeker,Independent Researchers,disabled,candidate,wechat2rss.xlab.app,https://wechat2rss.xlab.app/feed/7772ec79ac327394596861ae412fc25a823e09d0.xml,0,0,0,,0,,,
source-81,慢雾科技,Independent Researchers,disabled,candidate,wechat2rss.xlab.app,https://wechat2rss.xlab.app/feed/9e9c3c70e598266a1ac993e50458a10a6d853eb7.xml,0,0,0,,0,,,
source-82,漏洞推送,Independent Researchers,disabled,candidate,wechat2rss.xlab.app,https://wechat2rss.xlab.app/feed/e5a0a3d839536204e4bcec6ede59fe0cc11f6fc6.xml,0,0,0,,0,,,
source-83,安全学术圈,Independent Researchers,disabled,candidate,wechat2rss.xlab.app,https://wechat2rss.xlab.app/feed/8c5d5f0004e7231abeb01dac49cac5da4ec6933d.xml,0,0,0,,0,,,
source-84,二道情报贩子,Independent Researchers,disabled,candidate,wechat2rss.xlab.app,https://wechat2rss.xlab.app/feed/86512202e74d01447788f355c4a4171a3c86740a.xml,0,0,0,,0,,,
datacon,DataCon大数据安全分析比赛,Independent Researchers,disabled,candidate,wechat2rss.xlab.app,https://wechat2rss.xlab.app/feed/4ebcb3d5a0bdb5fada48eb901a77910f8cbef585.xml,0,0,0,,0,,,
tide,Tide安全团队,Independent Researchers,disabled,candidate,wechat2rss.xlab.app,https://wechat2rss.xlab.app/feed/fb1486a83f41d2b3ab5758c9811936beaa762097.xml,0,0,0,,0,,,
source-85,回忆飘如雪,Independent Researchers,disabled,candidate,wechat2rss.xlab.app,https://wechat2rss.xlab.app/feed/fa41acf1a0d9c54d4caf973349e7bd99d5de61c6.xml,0,0,0,,0,,,
rapiddns,RapidDNS,Independent Researchers,disabled,candidate,wechat2rss.xlab.app,https://wechat2rss.xlab.app/feed/2b62c59e45bd71ff9f475c93626cd4871c99f185.xml,0,0,0,,0,,,
kernsec,kernsec,Independent Researchers,disabled,candidate,wechat2rss.xlab.app,https://wechat2rss.xlab.app/feed/4767e1bec36c42a1c1cf1c991a3a1a027d1b49a5.xml,0,0,0,,0,,,
gossip,安全研究GoSSIP,Independent Researchers,disabled,candidate,wechat2rss.xlab.app,https://wechat2rss.xlab.app/feed/ac4004481c5b78892663e13bb3af8422d4ebeb68.xml,0,0,0,,0,,,
source-86,黑哥说安全,Independent Researchers,disabled,candidate,wechat2rss.xlab.app,https://wechat2rss.xlab.app/feed/27be924bf0d49a8d3ff45c0a85e9c6e94ba7a93c.xml,0,0,0,,0,,,
sec,无害实验室sec,Independent Researchers,disabled,candidate,wechat2rss.xlab.app,https://wechat2rss.xlab.app/feed/4470030205d4d847065a2f0d26219b280b421440.xml,0,0,0,,0,,,
source-87,数世咨询,Independent Researchers,disabled,candidate,wechat2rss.xlab.app,https://wechat2rss.xlab.app/feed/9da87fba8130d0c2dc52cc45b844f045227e06a7.xml,0,0,0,,0,,,
leveryd,leveryd,Independent Researchers,disabled,candidate,wechat2rss.xlab.app,https://wechat2rss.xlab.app/feed/742b34be22c0c323804fa9b541aa717571cd8147.xml,0,0,0,,0,,,
m01nteam,M01NTeam,Independent Researchers,disabled,candidate,wechat2rss.xlab.app,https://wechat2rss.xlab.app/feed/059ae07ca76f11c6e9f9fad7698ab205b3b039c8.xml,0,0,0,,0,,,
source-88,威胁棱镜,Independent Researchers,disabled,candidate,wechat2rss.xlab.app,https://wechat2rss.xlab.app/feed/63688861efb2362716368e36b7f8b8b61d0394a9.xml,0,0,0,,0,,,
source-89,非尝咸鱼贩,Independent Researchers,disabled,candidate,wechat2rss.xlab.app,https://wechat2rss.xlab.app/feed/255746ce1fb5befc63e2be00eb25795409048fcb.xml,0,0,0,,0,,,
360quake,360Quake空间测绘,Independent Researchers,disabled,candidate,wechat2rss.xlab.app,https://wechat2rss.xlab.app/feed/fd912d34201eea9dbaaa73e22bffee21636c0f9e.xml,0,0,0,,0,,,
xctf,XCTF联赛,Independent Researchers,disabled,candidate,wechat2rss.xlab.app,https://wechat2rss.xlab.app/feed/4d448e1e341361f81e9dd715b84f4c324053251b.xml,0,0,0,,0,,,
source-90,信息安全国家工程研究中心,Independent Researchers,disabled,candidate,wechat2rss.xlab.app,https://wechat2rss.xlab.app/feed/7caad9bdb6b168fe174bc815a9b44b7f52d7198b.xml,0,0,0,,0,,,
source-91,电子物证,Independent Researchers,disabled,candidate,wechat2rss.xlab.app,https://wechat2rss.xlab.app/feed/bb1aa1ced567490c8eec9d764e4909f694aab711.xml,0,0,0,,0,,,
source-92,网安杂谈,Independent Researchers,disabled,candidate,wechat2rss.xlab.app,https://wechat2rss.xlab.app/feed/9873e439cbe2e1050b8d3a5ee589c12755bda1bb.xml,0,0,0,,0,,,
source-93,中国信息安全,Independent Researchers,disabled,candidate,wechat2rss.xlab.app,https://wechat2rss.xlab.app/feed/567cb1a8cf49f3e2c141d9d8085712f42ffc2fef.xml,0,0,0,,0,,,
source-94,安全圈,Independent Researchers,disabled,candidate,wechat2rss.xlab.app,https://wechat2rss.xlab.app/feed/d568d6fca93d750898111f09cc3c551e7a62f7ab.xml,0,0,0,,0,,,
source-95,网信军民融合,Independent Researchers,disabled,candidate,wechat2rss.xlab.app,https://wechat2rss.xlab.app/feed/0c01ac36bf3a4f3153d8c568e1255b9e91825688.xml,0,0,0,,0,,,
source-96,青藤云安全,Independent Researchers,disabled,candidate,wechat2rss.xlab.app,https://wechat2rss.xlab.app/feed/f35b2e0c0e9439b0085a851a1514a11c0ad89887.xml,0,0,0,,0,,,
source-97,极客公园,Independent Researchers,disabled,candidate,wechat2rss.xlab.app,https://wechat2rss.xlab.app/feed/1a5aec98e71c707c8ca092bc2c255b9d4bac477d.xml,0,0,0,,0,,,
cncert,CNCERT风险评估,Independent Researchers,disabled,candidate,wechat2rss.xlab.app,https://wechat2rss.xlab.app/feed/c6662e88d278561b8293a607dcdcbe26aea98e04.xml,0,0,0,,0,,,
source-98,安全威胁情报,Independent Researchers,disabled,candidate,wechat2rss.xlab.app,https://wechat2rss.xlab.app/feed/9823254aff8854917b418bc19efe49ac160669e8.xml,0,0,0,,0,,,
source-99,长亭科技,Independent Researchers,disabled,candidate,wechat2rss.xlab.app,https://wechat2rss.xlab.app/feed/2b3d1f9d72a621232894fa96b6ddf218aade7a1f.xml,0,0,0,,0,,,
source-100,补天平台,Independent Researchers,disabled,candidate,wechat2rss.xlab.app,https://wechat2rss.xlab.app/feed/716b21d89522f8bb90b25249ebf00692522d5612.xml,0,0,0,,0,,,
kcon,KCon黑客大会,Independent Researchers,disabled,candidate,wechat2rss.xlab.app,https://wechat2rss.xlab.app/feed/0aca9799e72cc5f479d8a7b9ceda70d7e2193eb1.xml,0,0,0,,0,,,
source-101,火线安全平台,Independent Researchers,disabled,candidate,wechat2rss.xlab.app,https://wechat2rss.xlab.app/feed/36738a4bf3055c808494d72d9b3372c00f38c8e8.xml,0,0,0,,0,,,
source-102,默安科技,Independent Researchers,disabled,candidate,wechat2rss.xlab.app,https://wechat2rss.xlab.app/feed/0a0fb079fdb28ad7c49e5a6cbd9cf909c9873d86.xml,0,0,0,,0,,,
bigsec,bigsec岂安科技,Independent Researchers,disabled,candidate,wechat2rss.xlab.app,https://wechat2rss.xlab.app/feed/42ae6dc8b414f4be915ce93ae03d8f8460179c72.xml,0,0,0,,0,,,
source-103,情报分析师,Independent Researchers,disabled,candidate,wechat2rss.xlab.app,https://wechat2rss.xlab.app/feed/f50063f977eea0ce26836189fb7c3034f7e3d4f8.xml,0,0,0,,0,,,
source-104,网安寻路人,Independent Researchers,disabled,candidate,wechat2rss.xlab.app,https://wechat2rss.xlab.app/feed/d93b4641ef7b9ab5bb7a2d41d799544d45ace291.xml,0,0,0,,0,,,
source-105,安恒威胁情报中心,Independent Researchers,disabled,candidate,wechat2rss.xlab.app,https://wechat2rss.xlab.app/feed/de09ec267e5c4545e0a759cc62c3da7866ea49e0.xml,0,0,0,,0,,,
ditecting,谛听ditecting,Independent Researchers,disabled,candidate,wechat2rss.xlab.app,https://wechat2rss.xlab.app/feed/e91ca0416d5a5dfc93ce14c0598416d4df1a3bf2.xml,0,0,0,,0,,,
source-106,数据安全与取证,Independent Researchers,disabled,candidate,wechat2rss.xlab.app,https://wechat2rss.xlab.app/feed/8c9b7e3366ca88442203715d5616c05d24d0306c.xml,0,0,0,,0,,,
source-107,专注安管平台,Independent Researchers,disabled,candidate,wechat2rss.xlab.app,https://wechat2rss.xlab.app/feed/1a525e06c123c345dae49c4992df35964b8c4d53.xml,0,0,0,,0,,,
novasec,NOVASEC,Independent Researchers,disabled,candidate,wechat2rss.xlab.app,https://wechat2rss.xlab.app/feed/74ce3507f54a7a5145a4ddd6e4e3407fd76705b5.xml,0,0,0,,0,,,
viola,Viola后花园,Independent Researchers,disabled,candidate,wechat2rss.xlab.app,https://wechat2rss.xlab.app/feed/e666c56abbe20a645da315f389ca6247eed264e2.xml,0,0,0,,0,,,
source-108,复旦白泽战队,Independent Researchers,disabled,candidate,wechat2rss.xlab.app,https://wechat2rss.xlab.app/feed/882ec123376dc8e89d3c5f6ef4bd2fdd0af65465.xml,0,0,0,,0,,,
cnvd,CNVD漏洞平台,Independent Researchers,disabled,candidate,wechat2rss.xlab.app,https://wechat2rss.xlab.app/feed/edf17c7a01a7152b7a1ca14133258dc4abc1ca61.xml,0,0,0,,0,,,
source-109,字节跳动安全中心,Independent Researchers,disabled,candidate,wechat2rss.xlab.app,https://wechat2rss.xlab.app/feed/f4087ff02b808a1a995e2ba930219ada5b82425d.xml,0,0,0,,0,,,
source-110,阿里安全响应中心,Independent Researchers,disabled,candidate,wechat2rss.xlab.app,https://wechat2rss.xlab.app/feed/544a8a6edc551b8a2975fbb76b7de1637570d0e7.xml,0,0,0,,0,,,
source-111,百度安全应急响应中心,Independent Researchers,disabled,candidate,wechat2rss.xlab.app,https://wechat2rss.xlab.app/feed/2b0b4d99312e57d27a294d18de8dfb8f9c272fd4.xml,0,0,0,,0,,,
oppo,OPPO安全应急响应中心,Independent Researchers,disabled,candidate,wechat2rss.xlab.app,https://wechat2rss.xlab.app/feed/3cacd8073bf05a6d23b63613aad68f1c47d846ec.xml,0,0,0,,0,,,
source-112,小米安全中心,Independent Researchers,disabled,candidate,wechat2rss.xlab.app,https://wechat2rss.xlab.app/feed/c950a13786cac4f432ad2f1dc4ef6dd427a5b802.xml,0,0,0,,0,,,
source-113,京东安全应急响应中心,Independent Researchers,disabled,candidate,wechat2rss.xlab.app,https://wechat2rss.xlab.app/feed/9bce95ccd16c1e5e30f45722847cc9ea2a27c09d.xml,0,0,0,,0,,,
source-114,美团安全应急响应中心,Independent Researchers,disabled,candidate,wechat2rss.xlab.app,https://wechat2rss.xlab.app/feed/294bc034c9941529cd86a8a4b8999d100186c04d.xml,0,0,0,,0,,,
source-115,唯品会安全应急响应中心,Independent Researchers,disabled,candidate,wechat2rss.xlab.app,https://wechat2rss.xlab.app/feed/7419897e85fdd038ed2f390a5859b730657ec7ff.xml,0,0,0,,0,,,
source-116,中通安全应急响应中心,Independent Researchers,disabled,candidate,wechat2rss.xlab.app,https://wechat2rss.xlab.app/feed/fc8ebaf92e238784242d7b967d84584a46d1c23d.xml,0,0,0,,0,,,
source-117,陌陌安全,Independent Researchers,disabled,candidate,wechat2rss.xlab.app,https://wechat2rss.xlab.app/feed/9ed3866991b2dec386b67cc579ab80f510abccc2.xml,0,0,0,,0,,,
source-118,斗象智能安全,Independent Researchers,disabled,candidate,wechat2rss.xlab.app,https://wechat2rss.xlab.app/feed/5b72c7dcf37ab8e8c6e5745ecf2701b4ba3cd355.xml,0,0,0,,0,,,
source-119,滴滴安全应急响应中心,Independent Researchers,disabled,candidate,wechat2rss.xlab.app,https://wechat2rss.xlab.app/feed/97cd46da8232bd740c02838e1c579182f9636e3e.xml,0,0,0,,0,,,
source-120,喜马拉雅安全响应平台,Independent Researchers,disabled,candidate,wechat2rss.xlab.app,https://wechat2rss.xlab.app/feed/ad318af292cc4ba7c2466b7a2665b18f760c72ae.xml,0,0,0,,0,,,
source-121,天融信阿尔法实验室,Independent Researchers,disabled,candidate,wechat2rss.xlab.app,https://wechat2rss.xlab.app/feed/a9cfdddef757b0ebac0428f629869b69028c43fa.xml,0,0,0,,0,,,
source-122,火绒安全实验室,Independent Researchers,disabled,candidate,wechat2rss.xlab.app,https://wechat2rss.xlab.app/feed/e6da68c95a8f1e2fb40f6691d0ce9addc51a7532.xml,0,0,0,,0,,,
source-123,永安在线情报平台,Independent Researchers,disabled,candidate,wechat2rss.xlab.app,https://wechat2rss.xlab.app/feed/9f7e55c77c8eaf5f2adb43289de4fe194f7d34e5.xml,0,0,0,,0,,,
source-124,黑伞安全,Independent Researchers,disabled,candidate,wechat2rss.xlab.app,https://wechat2rss.xlab.app/feed/9779044929b45805a5c1b0fecf5f6a95c7202818.xml,0,0,0,,0,,,
sec-1,渊龙Sec安全团队,Independent Researchers,disabled,candidate,wechat2rss.xlab.app,https://wechat2rss.xlab.app/feed/21b0fdc5197bc18c5d0a0c4a5a557a98ae4c01c7.xml,0,0,0,,0,,,
source-125,百度安全实验室,Independent Researchers,disabled,candidate,wechat2rss.xlab.app,https://wechat2rss.xlab.app/feed/c396e3a4fb11318adaa9dac2637657d6fe56ba90.xml,0,0,0,,0,,,
chabug,ChaBug,Independent Researchers,disabled,candidate,wechat2rss.xlab.app,https://wechat2rss.xlab.app/feed/b801577ef970fa6a877911dfd37a7c9ca681d66a.xml,0,0,0,,0,,,
source-126,嘶吼专业版,Independent Researchers,disabled,candidate,wechat2rss.xlab.app,https://wechat2rss.xlab.app/feed/d351be711510e0b7ccbcb275cdfab5c4c7e3e839.xml,0,0,0,,0,,,
source-127,深信服千里目安全实验室,Independent Researchers,disabled,candidate,wechat2rss.xlab.app,https://wechat2rss.xlab.app/feed/027c7f3b98d9d0f2db84513f0cb94f02e9a8a3d7.xml,0,0,0,,0,,,
source-128,默安玄甲实验室,Independent Researchers,disabled,candidate,wechat2rss.xlab.app,https://wechat2rss.xlab.app/feed/181cb187893448582b37198afeadd4c4cf0750a9.xml,0,0,0,,0,,,
ai,娜璋AI安全之家,Independent Researchers,disabled,candidate,wechat2rss.xlab.app,https://wechat2rss.xlab.app/feed/ac86a71f04b6d10cc5a87ec9ecc8c94fff5d80d1.xml,0,0,0,,0,,,
yak-project,Yak Project,Independent Researchers,disabled,candidate,wechat2rss.xlab.app,https://wechat2rss.xlab.app/feed/1800f529b600474a4cd0434c65654c483739e192.xml,0,0,0,,0,,,
source-129,乐枕迭代日志,Independent Researchers,disabled,candidate,wechat2rss.xlab.app,https://wechat2rss.xlab.app/feed/91295bd6da13eb5cd50a544a9d3df76f6f863fac.xml,0,0,0,,0,,,
source-130,网安国际,Independent Researchers,disabled,candidate,wechat2rss.xlab.app,https://wechat2rss.xlab.app/feed/6fa942a9bdf8d6e67cf9b051ed3fae441ddb2bae.xml,0,0,0,,0,,,
source-131,且听安全,Independent Researchers,disabled,candidate,wechat2rss.xlab.app,https://wechat2rss.xlab.app/feed/88ffe63b5cffb34f8096461bdeaea02049987c70.xml,0,0,0,,0,,,
9,白日放歌须纵9,Independent Researchers,disabled,candidate,wechat2rss.xlab.app,https://wechat2rss.xlab.app/feed/fbb786b3c5d138ed27a7ca2f9734cfc90e9b9417.xml,0,0,0,,0,,,
source-132,技术猫屋,Independent Researchers,disabled,candidate,wechat2rss.xlab.app,https://wechat2rss.xlab.app/feed/c48bba56bd4329af4db5c7b0eacf3d2f1c43c8df.xml,0,0,0,,0,,,
source-133,墨菲安全,Independent Researchers,disabled,candidate,wechat2rss.xlab.app,https://wechat2rss.xlab.app/feed/e7d4a6f783d2e42b91a70a9f802e590444d62952.xml,0,0,0,,0,,,
source-134,王小明的事,Independent Researchers,disabled,candidate,wechat2rss.xlab.app,https://wechat2rss.xlab.app/feed/4d5625268306f53fca5c6e8cb59daf73ca57d5e0.xml,0,0,0,,0,,,
beacon-tower-lab,Beacon Tower Lab,Independent Researchers,disabled,candidate,wechat2rss.xlab.app,https://wechat2rss.xlab.app/feed/63453a813df919bb2cf5419e6aed91bf0fea5fa7.xml,0,0,0,,0,,,
rainsec,RainSec,Independent Researchers,disabled,candidate,wechat2rss.xlab.app,https://wechat2rss.xlab.app/feed/086e8d1d0035fb4418b3c2608f7166353e0628dc.xml,0,0,0,,0,,,
source-135,楼兰学习网络安全,Independent Researchers,disabled,candidate,wechat2rss.xlab.app,https://wechat2rss.xlab.app/feed/6f8d8640d6c8d59ba52ea8a8b5df8529a59e872a.xml,0,0,0,,0,,,
blue0x00,bluE0x00,Independent Researchers,disabled,candidate,wechat2rss.xlab.app,https://wechat2rss.xlab.app/feed/9767c848d0a4d5858d8bb565bc762dde94eeeee1.xml,0,0,0,,0,,,
source-136,夏虫知冰,Independent Researchers,disabled,candidate,wechat2rss.xlab.app,https://wechat2rss.xlab.app/feed/6f5a7b292b4b0232ccf1c8e2b7819b98dcdb173a.xml,0,0,0,,0,,,
source-137,甲方安全建设,Independent Researchers,disabled,candidate,wechat2rss.xlab.app,https://wechat2rss.xlab.app/feed/130f6c9e835ca7f7c9f329a93140129499970662.xml,0,0,0,,0,,,
source-138,钱塘门外的互联网散修,Independent Researchers,disabled,candidate,wechat2rss.xlab.app,https://wechat2rss.xlab.app/feed/bf791d6a822e8f48b4f6aa056e42758479362281.xml,0,0,0,,0,,,
source-139,表图,Independent Researchers,disabled,candidate,wechat2rss.xlab.app,https://wechat2rss.xlab.app/feed/657873c2f534ea1c50875c8657bc405270ce7cd0.xml,0,0,0,,0,,,
source-140,全闲话,Independent Researchers,disabled,candidate,wechat2rss.xlab.app,https://wechat2rss.xlab.app/feed/a36d83e725f688bd999b039c259940f72d3514b3.xml,0,0,0,,0,,,
source-141,吴鲁加,Independent Researchers,disabled,candidate,wechat2rss.xlab.app,https://wechat2rss.xlab.app/feed/9ce69c7f41d24a340778d34bfc977dd71b40c203.xml,0,0,0,,0,,,
source-142,李姐姐的扫描器,Independent Researchers,disabled,candidate,wechat2rss.xlab.app,https://wechat2rss.xlab.app/feed/fda4c8b72435cffdc50c9c6e5eb0041a82eac679.xml,0,0,0,,0,,,
source-143,网络安全回收站,Independent Researchers,disabled,candidate,wechat2rss.xlab.app,https://wechat2rss.xlab.app/feed/3dcfe38cb98fb0a439112b1e1549a84bede6077a.xml,0,0,0,,0,,,
360-1,360数字安全,Independent Researchers,disabled,candidate,wechat2rss.xlab.app,https://wechat2rss.xlab.app/feed/85e7bf4fe192ded1a15f130aa43ac306d227f61b.xml,0,0,0,,0,,,
source-144,迪哥讲事,Independent Researchers,disabled,candidate,wechat2rss.xlab.app,https://wechat2rss.xlab.app/feed/6fbc842cdb8fd52f341af76f6aaf6cba21a23f7c.xml,0,0,0,,0,,,
source-145,航行笔记,Independent Researchers,disabled,candidate,wechat2rss.xlab.app,https://wechat2rss.xlab.app/feed/4a76fbd471f0952829df9c488986bbcc67ff8790.xml,0,0,0,,0,,,
source-146,放之,Independent Researchers,disabled,candidate,wechat2rss.xlab.app,https://wechat2rss.xlab.app/feed/672af7872ddae7ee20df9a3f2560224fb16babc3.xml,0,0,0,,0,,,
nisl,NISL实验室,Independent Researchers,disabled,candidate,wechat2rss.xlab.app,https://wechat2rss.xlab.app/feed/9c5931fa813fd1a38149e52d5809ce9b19a48ec4.xml,0,0,0,,0,,,
fuzzwiki,FuzzWiki,Independent Researchers,disabled,candidate,wechat2rss.xlab.app,https://wechat2rss.xlab.app/feed/1ec2c6e96e3acea1281658383ee23f212a4f22a4.xml,0,0,0,,0,,,
darknavy,DarkNavy,Independent Researchers,disabled,candidate,wechat2rss.xlab.app,https://wechat2rss.xlab.app/feed/0d4ffa4a2127cb603c2da49daa678b0e780fd66b.xml,0,0,0,,0,,,
desync-infosec,Desync InfoSec,Independent Researchers,disabled,candidate,wechat2rss.xlab.app,https://wechat2rss.xlab.app/feed/9e1ec91d1a8cb22871f812bbe62fb7fe6c7b3e28.xml,0,0,0,,0,,,
huasec,huasec,Independent Researchers,disabled,candidate,wechat2rss.xlab.app,https://wechat2rss.xlab.app/feed/f193cadd8ff8418e027af5e22609abbe04a66687.xml,0,0,0,,0,,,
4ra1n,4ra1n,Independent Researchers,disabled,candidate,wechat2rss.xlab.app,https://wechat2rss.xlab.app/feed/30d26f1caaba15501cc713e10995ccb55e6c3fad.xml,0,0,0,,0,,,
life,小陈的Life,Independent Researchers,disabled,candidate,wechat2rss.xlab.app,https://wechat2rss.xlab.app/feed/7bc0fb4b036b6997552981cdd445bc48abff59bb.xml,0,0,0,,0,,,
source-147,悬镜安全,Independent Researchers,disabled,candidate,wechat2rss.xlab.app,https://wechat2rss.xlab.app/feed/59c134d2e41c3a0724d89cc6fa359bc1abedbc26.xml,0,0,0,,0,,,
redteam,RedTeam,Independent Researchers,disabled,candidate,wechat2rss.xlab.app,https://wechat2rss.xlab.app/feed/5ca1e75ce245541f45d8c3aa00b81ea11e3177c2.xml,0,0,0,,0,,,
source-148,希潭实验室,Independent Researchers,disabled,candidate,wechat2rss.xlab.app,https://wechat2rss.xlab.app/feed/f7dd0925a96c6f025dab0dbe8f80e1eb17d12538.xml,0,0,0,,0,,,
onionsec,OnionSec,Independent Researchers,disabled,candidate,wechat2rss.xlab.app,https://wechat2rss.xlab.app/feed/71d830505c0eb2d4e2627dbf1dfc2b2971bc240b.xml,0,0,0,,0,,,
source-149,金色钱江,Independent Researchers,disabled,candidate,wechat2rss.xlab.app,https://wechat2rss.xlab.app/feed/e1e2ffe5159e49f081844f257d08c1218908fff3.xml,0,0,0,,0,,,
t00ls,T00ls安全,Independent Researchers,disabled,candidate,wechat2rss.xlab.app,https://wechat2rss.xlab.app/feed/ff110d45e94f7e57706e2c0d86d29d16922f43d3.xml,0,0,0,,0,,,
source-150,纽创信安,Independent Researchers,disabled,candidate,wechat2rss.xlab.app,https://wechat2rss.xlab.app/feed/352d9634e6837532ddae7494aaf146e0aa71235a.xml,0,0,0,,0,,,
419,安全419,Independent Researchers,disabled,candidate,wechat2rss.xlab.app,https://wechat2rss.xlab.app/feed/6f33507162907318fd059fb11977ca352ff55d8e.xml,0,0,0,,0,,,
secun,安全村SecUN,Independent Researchers,disabled,candidate,wechat2rss.xlab.app,https://wechat2rss.xlab.app/feed/13267b55f2dbff6e536b4d593408fe0ef977cb43.xml,0,0,0,,0,,,
avl,安天AVL威胁情报中心,Independent Researchers,disabled,candidate,wechat2rss.xlab.app,https://wechat2rss.xlab.app/feed/c17498223ad8f92e5434100b16f4894a3107a90b.xml,0,0,0,,0,,,
source-151,白泽安全实验室,Independent Researchers,disabled,candidate,wechat2rss.xlab.app,https://wechat2rss.xlab.app/feed/6bdf0d750e8c418f6ddfe8826c7a29f786a74aa4.xml,0,0,0,,0,,,
360-2,360威胁情报中心,Independent Researchers,disabled,candidate,wechat2rss.xlab.app,https://wechat2rss.xlab.app/feed/920f171e3dae0c8eeb4c97b366b229ba19807732.xml,0,0,0,,0,,,
source-152,洞源实验室,Independent Researchers,disabled,candidate,wechat2rss.xlab.app,https://wechat2rss.xlab.app/feed/ed8dcc9aa1014eb34c7fd7dc0ef6b96272ed99e0.xml,0,0,0,,0,,,
41group,41group,Independent Researchers,disabled,candidate,wechat2rss.xlab.app,https://wechat2rss.xlab.app/feed/d840d8b21d5635eb5b332a61f472de54579c8a30.xml,0,0,0,,0,,,
source-153,大兵说安全,Independent Researchers,disabled,candidate,wechat2rss.xlab.app,https://wechat2rss.xlab.app/feed/e5d7d4cd30d4467c6e50410a89bd5262c21eae22.xml,0,0,0,,0,,,
source-154,安全产品人的赛博空间,Independent Researchers,disabled,candidate,wechat2rss.xlab.app,https://wechat2rss.xlab.app/feed/923ebe72c2b551e158bcce2f9e6262dd563b3b75.xml,0,0,0,,0,,,
cert-2,赛博昆仑CERT,Independent Researchers,disabled,candidate,wechat2rss.xlab.app,https://wechat2rss.xlab.app/feed/fb14ec6353e6ebbeb470d35d633471d0bca583a0.xml,0,0,0,,0,,,
security,干杯Security,Independent Researchers,disabled,candidate,wechat2rss.xlab.app,https://wechat2rss.xlab.app/feed/a8422817da57b5ad2c39c8f264d2eeef683bb338.xml,0,0,0,,0,,,
xlab,奇安信XLab,Independent Researchers,disabled,candidate,wechat2rss.xlab.app,https://wechat2rss.xlab.app/feed/5c7b6eec254fbb0afac7abf4eae95573fc374555.xml,0,0,0,,0,,,
cnnvd,CNNVD安全动态,Independent Researchers,disabled,candidate,wechat2rss.xlab.app,https://wechat2rss.xlab.app/feed/899e0eaf0e3ea7abac0211b3db9bb39c616e3255.xml,0,0,0,,0,,,
nop-team,NOP Team,Independent Researchers,disabled,candidate,wechat2rss.xlab.app,https://wechat2rss.xlab.app/feed/3f56e6d80d7e3e5f73983bfa6c06045ff62f1530.xml,0,0,0,,0,,,
codewisdom,CodeWisdom,Independent Researchers,disabled,candidate,wechat2rss.xlab.app,https://wechat2rss.xlab.app/feed/4e361ed9f2258098a35e02a6b738d6e53107f8bb.xml,0,0,0,,0,,,
source-155,鹰眼威胁情报中心,Independent Researchers,disabled,candidate,wechat2rss.xlab.app,https://wechat2rss.xlab.app/feed/6bdcd81fd3702868c913261790ec10ffb76df144.xml,0,0,0,,0,,,
source-156,榫卯江湖,Independent Researchers,disabled,candidate,wechat2rss.xlab.app,https://wechat2rss.xlab.app/feed/d1988b840deaf6a79edd32e83a1b152038f1b6a1.xml,0,0,0,,0,,,
janky,连续创业的Janky,Independent Researchers,disabled,candidate,wechat2rss.xlab.app,https://wechat2rss.xlab.app/feed/66f13ba7620a53ca279f679a8a956f43255fb579.xml,0,0,0,,0,,,
chainreactor,ChainReactor,Independent Researchers,disabled,candidate,wechat2rss.xlab.app,https://wechat2rss.xlab.app/feed/3f75ff947e69e405fc675d0f698988fc56876fc2.xml,0,0,0,,0,,,
source-157,数说安全,Independent Researchers,disabled,candidate,wechat2rss.xlab.app,https://wechat2rss.xlab.app/feed/b15a925f83a4b108b957f8dd0e8030b6caa7da5e.xml,0,0,0,,0,,,
hackernews,HackerNews,Independent Researchers,disabled,candidate,hackernews.cc,http://hackernews.cc/feed,0,0,0,,0,,,
solidot,奇客Solidot–传递最新科技情报,Independent Researchers,disabled,candidate,solidot.org,https://www.solidot.org/index.rss,0,0,0,,0,,,
cybersecurity-news,Cybersecurity News,Independent Researchers,disabled,candidate,securityonline.info,https://securityonline.info/feed/,0,0,0,,0,,,
google-online-security-blog-1,Google Online Security Blog,Independent Researchers,disabled,candidate,feeds.feedburner.com,http://feeds.feedburner.com/GoogleOnlineSecurityBlog?format=xml,0,0,0,,0,,,
infosecurity-magazine-com,infosecurity-magazine.com,Independent Researchers,disabled,candidate,infosecurity-magazine.com,http://www.infosecurity-magazine.com/rss/news/,0,0,0,,0,,,
alexander-v-leonov,Alexander V. Leonov,Independent Researchers,disabled,candidate,avleonov.com,https://avleonov.com/feed/,0,0,0,,0,,,
fidelis-security,Fidelis Security,Independent Researchers,disabled,candidate,fidelissecurity.com,https://fidelissecurity.com/feed/,0,0,0,,0,,,
redpacket-security,RedPacket Security,Independent Researchers,disabled,candidate,redpacketsecurity.com,https://www.redpacketsecurity.com/feed/,0,0,0,,0,,,
stories-by-kevin-beaumont-on-medium,Stories by Kevin Beaumont on Medium,Independent Researchers,disabled,candidate,medium.com,https://medium.com/feed/@networksecurity,0,0,0,,0,,,
cyber-kendra,Cyber Kendra,Independent Researchers,disabled,candidate,cyberkendra.com,https://www.cyberkendra.com/feeds/posts/default,0,0,0,,0,,,
phpmyadmin-security-announcements,phpMyAdmin security announcements,Independent Researchers,disabled,candidate,phpmyadmin.net,http://www.phpmyadmin.net/home_page/security/index.xml,0,0,0,,0,,,
vulners-com-rss-feed,Vulners.com RSS Feed,Independent Researchers,disabled,candidate,vulners.com,https://vulners.com/rss.xml,0,0,0,,0,,,
vuldb-recent-entries,VulDB Recent Entries,Independent Researchers,disabled,candidate,vuldb.com,https://vuldb.com/en/?rss.recent=,0,0,0,,0,,,
cert-recently-published-vulnerability-notes,CERT Recently Published Vulnerability Notes,Independent Researchers,disabled,candidate,kb.cert.org,http://www.kb.cert.org/vulfeed,0,0,0,,0,,,
source-158,安全牛,Independent Researchers,disabled,candidate,wechat2rss.xlab.app,https://wechat2rss.xlab.app/feed/10f1ba549b70cdb4216f7ade606d30a813305aa1.xml,0,0,0,,0,,,
defend-network,defend.network,Independent Researchers,disabled,candidate,defend.network,https://defend.network/feed.xml,0,0,0,,0,,,
seebug-2,Seebug漏洞社区,Independent Researchers,disabled,candidate,seebug.org,https://www.seebug.org/rss/new,0,0,0,,0,,,
threatcluster,ThreatCluster,Independent Researchers,disabled,candidate,threatcluster.io,https://threatcluster.io/feed.xml,0,0,0,,0,,,
threatcluster-ransomware,ThreatCluster Ransomware,Independent Researchers,disabled,candidate,threatcluster.io,https://threatcluster.io/dark-web/feed.xml,0,0,0,,0,,,
spylogic-net,SpyLogic.net,"Mobile, IoT & OT/ICS Security",healthy,approved,feeds.feedburner.com,http://feeds.feedburner.com/spylogic,4,20,150,200,0,2026-10-04T09:55:31.736Z,2026-10-04T09:54:23.141Z,
geosn0w,GeoSn0w,"Mobile, IoT & OT/ICS Security",healthy,approved,geosn0w.github.io,https://geosn0w.github.io/feed.xml,4,20,150,200,0,2026-10-04T09:55:31.736Z,2026-10-04T09:54:23.141Z,
ho1y-sunny-s-blog,"Ho1y_Sunny's blog","Mobile, IoT & OT/ICS Security",healthy,approved,ho1ysunny.blogspot.com,http://ho1ysunny.blogspot.com/feeds/posts/default,4,20,150,200,0,2026-10-04T09:55:31.736Z,2026-10-04T09:54:23.141Z,
bamb00,博客园 - bamb00,"Mobile, IoT & OT/ICS Security",healthy,approved,cnblogs.com,http://www.cnblogs.com/goodhacker/rss,4,20,150,200,0,2026-10-04T09:55:31.736Z,2026-10-04T09:54:23.141Z,
source-159,深度技术安全,"Mobile, IoT & OT/ICS Security",healthy,approved,blog.csdn.net,http://blog.csdn.net/winsunxu/rss/list,4,20,150,200,0,2026-10-04T09:55:31.736Z,2026-10-04T09:54:23.141Z,
blog-postings-from-honeynet-org,Blog postings from honeynet.org,"Mobile, IoT & OT/ICS Security",healthy,approved,feeds2.feedburner.com,http://feeds2.feedburner.com/HoneynetProjectAggregated,4,20,150,200,0,2026-10-04T09:55:31.736Z,2026-10-04T09:54:23.141Z,
security-simplified,Security Simplified!!!,"Mobile, IoT & OT/ICS Security",healthy,approved,nileshkapoor.blogspot.com,http://nileshkapoor.blogspot.com/feeds/posts/default,4,20,150,200,0,2026-10-04T09:55:31.736Z,2026-10-04T09:54:23.141Z,
blog,亚庆的 Blog,"Mobile, IoT & OT/ICS Security",healthy,approved,billwang1990.github.io,http://billwang1990.github.io/atom.xml,4,20,150,200,0,2026-10-04T09:55:31.736Z,2026-10-04T09:54:23.141Z,
zdziarski,Zdziarski,"Mobile, IoT & OT/ICS Security",healthy,approved,zdziarski.com,http://www.zdziarski.com/blog/?feed=rss2,4,20,150,200,0,2026-10-04T09:55:31.736Z,2026-10-04T09:54:23.141Z,
nshipster,NSHipster,"Mobile, IoT & OT/ICS Security",healthy,approved,nshipster.cn,https://nshipster.cn/feed.xml,4,20,150,200,0,2026-10-04T09:55:31.736Z,2026-10-04T09:54:23.141Z,
random,random,"Mobile, IoT & OT/ICS Security",healthy,approved,xerub.github.io,https://xerub.github.io/feed.xml,4,20,150,200,0,2026-10-04T09:55:31.736Z,2026-10-04T09:54:23.141Z,
c-skills,C-skills,"Mobile, IoT & OT/ICS Security",healthy,approved,c-skills.blogspot.com,http://c-skills.blogspot.com/feeds/posts/default,4,20,150,200,0,2026-10-04T09:55:31.736Z,2026-10-04T09:54:23.141Z,
tjxin-xd,Tjxin_xd的专栏,"Mobile, IoT & OT/ICS Security",healthy,approved,blog.csdn.net,http://blog.csdn.net/Tjxin_xd/rss/list,4,20,150,200,0,2026-10-04T09:55:31.736Z,2026-10-04T09:54:23.141Z,
source-160,简行之旅,"Mobile, IoT & OT/ICS Security",healthy,approved,blog.csdn.net,http://blog.csdn.net/L173864930/rss/list,4,20,150,200,0,2026-10-04T09:55:31.736Z,2026-10-04T09:54:23.141Z,
source-161,永远即等待的专栏,"Mobile, IoT & OT/ICS Security",healthy,approved,blog.csdn.net,http://blog.csdn.net/leehong2005/rss/list,4,20,150,200,0,2026-10-04T09:55:31.736Z,2026-10-04T09:54:23.141Z,
android-security-acknowledgements,Android Security Acknowledgements,"Mobile, IoT & OT/ICS Security",healthy,approved,feed43.com,https://feed43.com/1670770467135134.xml,4,20,150,200,0,2026-10-04T09:55:31.736Z,2026-10-04T09:54:23.141Z,
quaful,quaful的专栏,"Mobile, IoT & OT/ICS Security",healthy,approved,blog.csdn.net,http://blog.csdn.net/quaful/rss/list,4,20,150,200,0,2026-10-04T09:55:31.736Z,2026-10-04T09:54:23.141Z,
android-explorations,Android Explorations,"Mobile, IoT & OT/ICS Security",healthy,approved,nelenkov.blogspot.com,http://nelenkov.blogspot.com/feeds/posts/default,4,20,150,200,0,2026-10-04T09:55:31.736Z,2026-10-04T09:54:23.141Z,
su1216,su1216的专栏,"Mobile, IoT & OT/ICS Security",healthy,approved,blog.csdn.net,http://blog.csdn.net/su1216/rss/list,4,20,150,200,0,2026-10-04T09:55:31.736Z,2026-10-04T09:54:23.141Z,
envato-tuts-code-mobile-development,Envato Tuts+ Code - Mobile Development,"Mobile, IoT & OT/ICS Security",healthy,approved,feeds.feedburner.com,http://feeds.feedburner.com/mobiletuts,4,20,150,200,0,2026-10-04T09:55:31.736Z,2026-10-04T09:54:23.141Z,
source-162,老王的智能终端安全专栏,"Mobile, IoT & OT/ICS Security",healthy,approved,blog.csdn.net,http://blog.csdn.net/u011069813/rss/list,4,20,150,200,0,2026-10-04T09:55:31.736Z,2026-10-04T09:54:23.141Z,
chromium-blog,Chromium Blog,"Mobile, IoT & OT/ICS Security",healthy,approved,blog.chromium.org,http://blog.chromium.org/feeds/posts/default,4,20,150,200,0,2026-10-04T09:55:31.736Z,2026-10-04T09:54:23.141Z,
tessrijogo,tessrijogo,"Mobile, IoT & OT/ICS Security",healthy,approved,feeds.feedburner.com,http://feeds.feedburner.com/blogspot/CqwP,4,20,150,200,0,2026-10-04T09:55:31.736Z,2026-10-04T09:54:23.141Z,
source-163,罗朝辉（飘飘白云）,"Mobile, IoT & OT/ICS Security",healthy,approved,blog.csdn.net,http://blog.csdn.net/kesalin/rss/list,4,20,150,200,0,2026-10-04T09:55:31.736Z,2026-10-04T09:54:23.141Z,
prateek-gianchandani,Prateek Gianchandani,"Mobile, IoT & OT/ICS Security",healthy,approved,highaltitudehacks.com,https://highaltitudehacks.com/feed.xml,4,20,150,200,0,2026-10-04T09:55:31.736Z,2026-10-04T09:54:23.141Z,
hawkspawn-s-blog,HawkSpawn’s Blog,"Mobile, IoT & OT/ICS Security",healthy,approved,hawkspawn.com,https://www.hawkspawn.com/blog/feed.xml,4,20,150,200,0,2026-10-04T09:55:31.736Z,2026-10-04T09:54:23.141Z,
source-164,一个被知识诅咒的人,"Mobile, IoT & OT/ICS Security",healthy,approved,blog.csdn.net,http://blog.csdn.net/nokiaguy/rss/list,4,20,150,200,0,2026-10-04T09:55:31.736Z,2026-10-04T09:54:23.141Z,
flanker-sky,Flanker Sky,"Mobile, IoT & OT/ICS Security",healthy,approved,blog.flanker017.me,http://blog.flanker017.me/?feed=rss2&amp%3Blang=zh-cn,4,20,150,200,0,2026-10-04T09:55:31.736Z,2026-10-04T09:54:23.141Z,
braincol,博客园 - Braincol,"Mobile, IoT & OT/ICS Security",healthy,approved,feed.cnblogs.com,http://feed.cnblogs.com/blog/u/75839/rss,4,20,150,200,0,2026-10-04T09:55:31.736Z,2026-10-04T09:54:23.141Z,
source-165,为了工作而工作是悲哀的！工作是实现自我价值的地方！,"Mobile, IoT & OT/ICS Security",healthy,approved,blog.csdn.net,http://blog.csdn.net/Melody_lu123/rss/list,4,20,150,200,0,2026-10-04T09:55:31.736Z,2026-10-04T09:54:23.141Z,
elcomsoft-blog,ElcomSoft blog,"Mobile, IoT & OT/ICS Security",healthy,approved,blog.elcomsoft.com,http://blog.elcomsoft.com/feed/,4,20,150,200,0,2026-10-04T09:55:31.736Z,2026-10-04T09:54:23.141Z,
ysl-android,ysl 的程式天堂 - Android 應用開發 ‧ 研究 ‧ 與諮詢,"Mobile, IoT & OT/ICS Security",healthy,approved,ysl-paradise.blogspot.com,http://ysl-paradise.blogspot.com/feeds/posts/default,4,20,150,200,0,2026-10-04T09:55:31.736Z,2026-10-04T09:54:23.141Z,
source-166,能哥的专栏,"Mobile, IoT & OT/ICS Security",healthy,approved,blog.csdn.net,http://blog.csdn.net/nengx/rss/list,4,20,150,200,0,2026-10-04T09:55:31.736Z,2026-10-04T09:54:23.141Z,
android,老罗的Android之旅,"Mobile, IoT & OT/ICS Security",healthy,approved,blog.csdn.net,http://blog.csdn.net/Luoshengyang/rss/list,4,20,150,200,0,2026-10-04T09:55:31.736Z,2026-10-04T09:54:23.141Z,
hakers-info,hakers.info,"Mobile, IoT & OT/ICS Security",healthy,approved,hakers.info,http://hakers.info/site/feed/index.html,4,20,150,200,0,2026-10-04T09:55:31.736Z,2026-10-04T09:54:23.141Z,
appsec-labs-application-security,AppSec-Labs | Application Security,"Mobile, IoT & OT/ICS Security",healthy,approved,appsec-labs.com,https://appsec-labs.com/blog/feed/,4,20,150,200,0,2026-10-04T09:55:31.736Z,2026-10-04T09:54:23.141Z,
azimuth-security,Azimuth Security,"Mobile, IoT & OT/ICS Security",healthy,approved,blog.azimuthsecurity.com,http://blog.azimuthsecurity.com/feeds/posts/default,4,20,150,200,0,2026-10-04T09:55:31.736Z,2026-10-04T09:54:23.141Z,
pxb1988,pxb1988的专栏,"Mobile, IoT & OT/ICS Security",healthy,approved,blog.csdn.net,http://blog.csdn.net/pxb1988/rss/list,4,20,150,200,0,2026-10-04T09:55:31.736Z,2026-10-04T09:54:23.141Z,
bazad-github-io,bazad.github.io,"Mobile, IoT & OT/ICS Security",healthy,approved,bazad.github.io,https://bazad.github.io/feed.xml,4,20,150,200,0,2026-10-04T09:55:31.736Z,2026-10-04T09:54:23.141Z,
ongoing-by-tim-bray,ongoing by Tim Bray,"Mobile, IoT & OT/ICS Security",healthy,approved,tbray.org,http://www.tbray.org/ongoing/ongoing.atom,4,20,150,200,0,2026-10-04T09:55:31.736Z,2026-10-04T09:54:23.141Z,
source-167,芒果很香,"Mobile, IoT & OT/ICS Security",healthy,approved,blog.csdn.net,http://blog.csdn.net/laczff21/rss/list,4,20,150,200,0,2026-10-04T09:55:31.736Z,2026-10-04T09:54:23.141Z,
laplinker,Laplinker,"Mobile, IoT & OT/ICS Security",healthy,approved,laplinker.com,http://www.laplinker.com/feeds/posts/default,4,20,150,200,0,2026-10-04T09:55:31.736Z,2026-10-04T09:54:23.141Z,
jesux-blog,JesuX Blog,"Mobile, IoT & OT/ICS Security",healthy,approved,jesux.es,https://jesux.es/feed.xml,4,20,150,200,0,2026-10-04T09:55:31.736Z,2026-10-04T09:54:23.141Z,
android-internals-a-confectioner-s-cookbook,"Android Internals - A Confectioner's CookBook","Mobile, IoT & OT/ICS Security",healthy,approved,newandroidbook.com,http://newandroidbook.com/rss.php,4,20,150,200,0,2026-10-04T09:55:31.736Z,2026-10-04T09:54:23.141Z,
comments-on,Comments on:,"Mobile, IoT & OT/ICS Security",healthy,approved,honeynet.org,https://www.honeynet.org/feed/,4,20,150,200,0,2026-10-04T09:55:31.736Z,2026-10-04T09:54:23.141Z,
smartphone-security,Smartphone Security,"Mobile, IoT & OT/ICS Security",healthy,approved,smartphone-attack-vector.de,http://smartphone-attack-vector.de/feed/,4,20,150,200,0,2026-10-04T09:55:31.736Z,2026-10-04T09:54:23.141Z,
darklapu,DarkLapu,"Mobile, IoT & OT/ICS Security",healthy,approved,darklapu.blogspot.com,http://darklapu.blogspot.com/feeds/posts/default,4,20,150,200,0,2026-10-04T09:55:31.736Z,2026-10-04T09:54:23.141Z,
jserv-s-blog,"Jserv's blog","Mobile, IoT & OT/ICS Security",healthy,approved,blog.linux.org.tw,http://blog.linux.org.tw/~jserv/index.xml,4,20,150,200,0,2026-10-04T09:55:31.736Z,2026-10-04T09:54:23.141Z,
innost,Innost的专栏,"Mobile, IoT & OT/ICS Security",healthy,approved,blog.csdn.net,http://blog.csdn.net/Innost/rss/list,4,20,150,200,0,2026-10-04T09:55:31.736Z,2026-10-04T09:54:23.141Z,
hex-detective,Hex Detective,"Mobile, IoT & OT/ICS Security",healthy,approved,hexdetective.blogspot.com,http://hexdetective.blogspot.com/feeds/posts/default,4,20,150,200,0,2026-10-04T09:55:31.736Z,2026-10-04T09:54:23.141Z,
source-168,宋宝华,"Mobile, IoT & OT/ICS Security",disabled,candidate,blog.csdn.net,http://blog.csdn.net/21cnbao/rss/list,0,0,0,,0,,,
source-169,微风的网络日志,"Mobile, IoT & OT/ICS Security",disabled,candidate,leybreeze.com,http://leybreeze.com/blog/?feed=rss2,0,0,0,,0,,,
and-rev,and-rev,"Mobile, IoT & OT/ICS Security",disabled,candidate,and-rev.blogspot.com,https://and-rev.blogspot.com/feeds/posts/default,0,0,0,,0,,,
collin-r-mulliner,Collin R. Mulliner,"Mobile, IoT & OT/ICS Security",disabled,candidate,mulliner.org,http://www.mulliner.org/blog/blosxom.cgi?flav=rss,0,0,0,,0,,,
psycho-s-corner,Psycho’s Corner,"Mobile, IoT & OT/ICS Security",disabled,candidate,sparkes.zone,https://sparkes.zone/blog/feed.xml,0,0,0,,0,,,
proteas,Proteas的专栏,"Mobile, IoT & OT/ICS Security",disabled,candidate,blog.csdn.net,http://blog.csdn.net/Proteas/rss/list,0,0,0,,0,,,
roland-sun,Roland_Sun的专栏,"Mobile, IoT & OT/ICS Security",disabled,candidate,blog.csdn.net,http://blog.csdn.net/Roland_Sun/rss/list,0,0,0,,0,,,
blog-csdn-net,blog.csdn.net,"Mobile, IoT & OT/ICS Security",disabled,candidate,blog.csdn.net,http://blog.csdn.net/xianming01/rss/list,0,0,0,,0,,,
planet-classpath,Planet Classpath,"Mobile, IoT & OT/ICS Security",disabled,candidate,planet.classpath.org,http://planet.classpath.org/rss20.xml,0,0,0,,0,,,
source-170,大老的逆向专栏,"Mobile, IoT & OT/ICS Security",disabled,candidate,blog.csdn.net,http://blog.csdn.net/qdsw123/rss/list,0,0,0,,0,,,
ele7enxxh-s-blog,"Ele7enxxh's Blog","Mobile, IoT & OT/ICS Security",disabled,candidate,ele7enxxh.com,http://ele7enxxh.com/atom.xml,0,0,0,,0,,,
blog-csdn-net-1,blog.csdn.net,"Mobile, IoT & OT/ICS Security",disabled,candidate,blog.csdn.net,http://blog.csdn.net/xyz_lmn/rss/list,0,0,0,,0,,,
source-171,博客园 - 农民伯伯,"Mobile, IoT & OT/ICS Security",disabled,candidate,feed.cnblogs.com,http://feed.cnblogs.com/blog/u/28619/rss,0,0,0,,0,,,
haric,Haric的程序空间,"Mobile, IoT & OT/ICS Security",disabled,candidate,haric.iteye.com,http://haric.iteye.com/rss,0,0,0,,0,,,
conowen,[conowen]大钟的专栏,"Mobile, IoT & OT/ICS Security",disabled,candidate,blog.csdn.net,http://blog.csdn.net/conowen/rss/list,0,0,0,,0,,,
source-172,猫·仁波切,"Mobile, IoT & OT/ICS Security",disabled,candidate,andelf.github.io,https://andelf.github.io/feed.xml,0,0,0,,0,,,
jeb-in-action,JEB in Action,"Mobile, IoT & OT/ICS Security",disabled,candidate,android-decompiler.com,http://www.android-decompiler.com/blog/feed/,0,0,0,,0,,,
ted,Ted,"Mobile, IoT & OT/ICS Security",disabled,candidate,wufawei.com,http://wufawei.com/feed/,0,0,0,,0,,,
roee-hay,Roee Hay,"Mobile, IoT & OT/ICS Security",disabled,candidate,roeehay.blogspot.com,http://roeehay.blogspot.com/feeds/posts/default,0,0,0,,0,,,
itudou-2010,itudou_2010的专栏,"Mobile, IoT & OT/ICS Security",disabled,candidate,blog.csdn.net,http://blog.csdn.net/itudou_2010/rss/list,0,0,0,,0,,,
baikalhu,BaikalHU,"Mobile, IoT & OT/ICS Security",disabled,candidate,blog.csdn.net,http://blog.csdn.net/dndxhej/rss/list,0,0,0,,0,,,
sucuri-blog,Sucuri Blog,"Mobile, IoT & OT/ICS Security",disabled,candidate,feeds.feedburner.com,http://feeds.feedburner.com/sucuri/blog,0,0,0,,0,,,
allin-android,博客园 - allin.android,"Mobile, IoT & OT/ICS Security",disabled,candidate,feed.cnblogs.com,http://feed.cnblogs.com/blog/u/70231/rss,0,0,0,,0,,,
android-reversing,Android Reversing,"Mobile, IoT & OT/ICS Security",disabled,candidate,androidreversing.blogspot.com,http://androidreversing.blogspot.com/feeds/posts/default,0,0,0,,0,,,
ray-s-blog,"Ray's blog","Mobile, IoT & OT/ICS Security",disabled,candidate,rayleung.iteye.com,http://rayleung.iteye.com/rss,0,0,0,,0,,,
gt-s-blog,"GT's Blog","Mobile, IoT & OT/ICS Security",disabled,candidate,ganeshtiwaridotcomdotnp.blogspot.com,http://ganeshtiwaridotcomdotnp.blogspot.com/feeds/posts/default,0,0,0,,0,,,
source-173,安卓安全小分队的博客,"Mobile, IoT & OT/ICS Security",disabled,candidate,blog.sina.com.cn,http://blog.sina.com.cn/rss/3194858670.xml,0,0,0,,0,,,
joy,joy,"Mobile, IoT & OT/ICS Security",disabled,candidate,blog.csdn.net,http://blog.csdn.net/lhj0711010212/rss/list,0,0,0,,0,,,
roy-castillo,Roy Castillo,"Mobile, IoT & OT/ICS Security",disabled,candidate,blogger.com,http://www.blogger.com/feeds/6256080996814574917/posts/default,0,0,0,,0,,,
core-dump,Core Dump,"Mobile, IoT & OT/ICS Security",disabled,candidate,roundcube3.blogspot.com,http://roundcube3.blogspot.com/feeds/posts/default,0,0,0,,0,,,
android-cracking,android cracking,"Mobile, IoT & OT/ICS Security",disabled,candidate,androidcracking.blogspot.com,http://androidcracking.blogspot.com/feeds/posts/default,0,0,0,,0,,,
pengwang,博客园 - pengwang,"Mobile, IoT & OT/ICS Security",disabled,candidate,feed.cnblogs.com,http://feed.cnblogs.com/blog/u/87192/rss,0,0,0,,0,,,
blog-1,风子的Blog-风言风语,"Mobile, IoT & OT/ICS Security",disabled,candidate,blog.sina.com.cn,http://blog.sina.com.cn/rss/1242184131.xml,0,0,0,,0,,,
packet-guru,Packet Guru,"Mobile, IoT & OT/ICS Security",disabled,candidate,packetguru.blogspot.com,http://packetguru.blogspot.com/feeds/posts/default,0,0,0,,0,,,
blog-csdn-net-2,blog.csdn.net,"Mobile, IoT & OT/ICS Security",disabled,candidate,blog.csdn.net,http://blog.csdn.net/zyc851224/rss/list,0,0,0,,0,,,
out-of-bounds-access,Out of Bounds Access,"Mobile, IoT & OT/ICS Security",disabled,candidate,fuzion24.github.io,https://fuzion24.github.io/feed.xml,0,0,0,,0,,,
netroc-s-blog,"NetRoc's blog","Mobile, IoT & OT/ICS Security",disabled,candidate,blog.dbgtech.net,http://blog.dbgtech.net/blog/?feed=rss2,0,0,0,,0,,,
source-174,傲慢的上校的专栏,"Mobile, IoT & OT/ICS Security",disabled,candidate,blog.csdn.net,http://blog.csdn.net/aomandeshangxiao/rss/list,0,0,0,,0,,,
the-forensics-ferret-blog,the Forensics Ferret Blog,"Mobile, IoT & OT/ICS Security",disabled,candidate,forensicsferret.wordpress.com,http://forensicsferret.wordpress.com/feed/,0,0,0,,0,,,
shadow,博客园 - __Shadow,"Mobile, IoT & OT/ICS Security",disabled,candidate,feed.cnblogs.com,http://feed.cnblogs.com/blog/u/101485/rss,0,0,0,,0,,,
parker,parker的专栏,"Mobile, IoT & OT/ICS Security",disabled,candidate,blog.csdn.net,http://blog.csdn.net/autohacker/rss/list,0,0,0,,0,,,
lingyun1120,博客园 - lingyun1120,"Mobile, IoT & OT/ICS Security",disabled,candidate,feed.cnblogs.com,http://feed.cnblogs.com/blog/u/98093/rss,0,0,0,,0,,,
html5-webkit-chromium,"HTML5, WebKit, Chromium","Mobile, IoT & OT/ICS Security",disabled,candidate,blog.csdn.net,http://blog.csdn.net/milado_nju/rss/list,0,0,0,,0,,,
nowsecure,NowSecure,"Mobile, IoT & OT/ICS Security",disabled,candidate,nowsecure.com,https://www.nowsecure.com/feed/,0,0,0,,0,,,
colt-s-blog,"Colt's Blog","Mobile, IoT & OT/ICS Security",disabled,candidate,coltf.blogspot.com,http://coltf.blogspot.com/feeds/posts/default,0,0,0,,0,,,
os-x-and-ios-internals-the-rss-feed,OS X and iOS Internals - The RSS Feed,"Mobile, IoT & OT/ICS Security",disabled,candidate,newosxbook.com,http://newosxbook.com/index.php?format=rss,0,0,0,,0,,,
copperhead,Copperhead,"Mobile, IoT & OT/ICS Security",disabled,candidate,copperhead.co,https://copperhead.co/rss.xml,0,0,0,,0,,,
my-life-with-android,My life with Android :-),"Mobile, IoT & OT/ICS Security",disabled,candidate,mylifewithandroid.blogspot.com,http://mylifewithandroid.blogspot.com/feeds/posts/default,0,0,0,,0,,,
i-claud,"i, Claud","Mobile, IoT & OT/ICS Security",disabled,candidate,blog.claudxiao.net,http://blog.claudxiao.net/feed/,0,0,0,,0,,,
contagio-mobile,contagio mobile,"Mobile, IoT & OT/ICS Security",disabled,candidate,contagiominidump.blogspot.com,http://contagiominidump.blogspot.com/feeds/posts/default,0,0,0,,0,,,
source-175,阿峰的技术窝窝,"Mobile, IoT & OT/ICS Security",disabled,candidate,hufeng825.github.io,http://hufeng825.github.io/atom.xml,0,0,0,,0,,,
source-176,博客园 - 有只茄子,"Mobile, IoT & OT/ICS Security",disabled,candidate,cnblogs.com,http://cnblogs.com/qiezi/rss,0,0,0,,0,,,
coderzh,博客园 - CoderZh,"Mobile, IoT & OT/ICS Security",disabled,candidate,cnblogs.com,http://cnblogs.com/coderzh/rss,0,0,0,,0,,,
gynvael-coldwind-vx-log-en,gynvael.coldwind//vx.log (en),Vulnerability Disclosures,healthy,approved,feeds.feedburner.com,http://feeds.feedburner.com/GynvaelColdwindEN,4,20,150,200,0,2026-10-04T09:55:31.736Z,2026-10-04T09:54:23.141Z,
whereisk0shl,WHEREISK0SHL,Vulnerability Disclosures,healthy,approved,whereisk0shl.top,https://whereisk0shl.top/feed,4,20,150,200,0,2026-10-04T09:55:31.736Z,2026-10-04T09:54:23.141Z,
source-177,氷 菓,Vulnerability Disclosures,healthy,approved,dangokyo.me,https://dangokyo.me/feed/,4,20,150,200,0,2026-10-04T09:55:31.736Z,2026-10-04T09:54:23.141Z,
mwr-labs-tools,MWR Labs Tools,Vulnerability Disclosures,healthy,approved,feed43.com,https://feed43.com/6050116603104281.xml,4,20,150,200,0,2026-10-04T09:55:31.736Z,2026-10-04T09:54:23.141Z,
gdtr,GDTR,Vulnerability Disclosures,healthy,approved,gdtr.wordpress.com,http://gdtr.wordpress.com/feed/,4,20,150,200,0,2026-10-04T09:55:31.736Z,2026-10-04T09:54:23.141Z,
code-white-blog,CODE WHITE | Blog,Vulnerability Disclosures,healthy,approved,codewhitesec.blogspot.com,https://codewhitesec.blogspot.com/feeds/posts/default,4,20,150,200,0,2026-10-04T09:55:31.736Z,2026-10-04T09:54:23.141Z,
pop-pop-ret,Pop Pop Ret,Vulnerability Disclosures,healthy,approved,poppopret.blogspot.com,http://poppopret.blogspot.com/feeds/posts/default,4,20,150,200,0,2026-10-04T09:55:31.736Z,2026-10-04T09:54:23.141Z,
perception-point,Perception Point,Vulnerability Disclosures,healthy,approved,perception-point.io,http://perception-point.io/feed/,4,20,150,200,0,2026-10-04T09:55:31.736Z,2026-10-04T09:54:23.141Z,
arighi-s-blog,"arighi's blog",Vulnerability Disclosures,healthy,approved,arighi.blogspot.com,http://arighi.blogspot.com/feeds/posts/default,4,20,150,200,0,2026-10-04T09:55:31.736Z,2026-10-04T09:54:23.141Z,
indistinguishable-from-jesse,Indistinguishable from Jesse,Vulnerability Disclosures,healthy,approved,squarefree.com,http://www.squarefree.com/feed/atom/,4,20,150,200,0,2026-10-04T09:55:31.736Z,2026-10-04T09:54:23.141Z,
kciredor-s-engineering-and-security-blog,kciredor’s engineering and security blog,Vulnerability Disclosures,healthy,approved,kciredor.com,https://kciredor.com/index.xml,4,20,150,200,0,2026-10-04T09:55:31.736Z,2026-10-04T09:54:23.141Z,
this-is-a-one-way-ride,This is a One Way Ride.,Vulnerability Disclosures,healthy,approved,h3ysatan.blogspot.com,http://h3ysatan.blogspot.com/feeds/posts/default,4,20,150,200,0,2026-10-04T09:55:31.736Z,2026-10-04T09:54:23.141Z,
pwndizzle,PwnDizzle,Vulnerability Disclosures,healthy,approved,pwndizzle.blogspot.com,http://pwndizzle.blogspot.com/feeds/posts/default,4,20,150,200,0,2026-10-04T09:55:31.736Z,2026-10-04T09:54:23.141Z,
street-hacker,Street Hacker,Vulnerability Disclosures,healthy,approved,blog.sina.com.cn,http://blog.sina.com.cn/rss/streethacker.xml,4,20,150,200,0,2026-10-04T09:55:31.736Z,2026-10-04T09:54:23.141Z,
lazy-project,Lazy Project,Vulnerability Disclosures,healthy,approved,blog.l4ys.tw,https://blog.l4ys.tw/feed.xml,4,20,150,200,0,2026-10-04T09:55:31.736Z,2026-10-04T09:54:23.141Z,
gt-root-saelo,&gt; root@saelo,Vulnerability Disclosures,healthy,approved,saelo.github.io,https://saelo.github.io/feed.xml,4,20,150,200,0,2026-10-04T09:55:31.736Z,2026-10-04T09:54:23.141Z,
lcamtuf-s-old-blog,"lcamtuf's old blog",Vulnerability Disclosures,healthy,approved,lcamtuf.blogspot.com,https://lcamtuf.blogspot.com/feeds/posts/default?alt=rss,4,20,150,200,0,2026-10-04T09:55:31.736Z,2026-10-04T09:54:23.141Z,
blogs-on-star-labs,Blogs on STAR Labs,Vulnerability Disclosures,healthy,approved,starlabs.sg,https://starlabs.sg/blog/index.xml,4,20,150,200,0,2026-10-04T09:55:31.736Z,2026-10-04T09:54:23.141Z,
modexp,modexp,Vulnerability Disclosures,healthy,approved,modexp.wordpress.com,https://modexp.wordpress.com/feed/,4,20,150,200,0,2026-10-04T09:55:31.736Z,2026-10-04T09:54:23.141Z,
d0c-s4vage,d0c_s4vage,Vulnerability Disclosures,healthy,approved,d0cs4vage.blogspot.com,http://d0cs4vage.blogspot.com/feeds/posts/default,4,20,150,200,0,2026-10-04T09:55:31.736Z,2026-10-04T09:54:23.141Z,
exodus-intelligence,Exodus Intelligence,Vulnerability Disclosures,healthy,approved,blog.exodusintel.com,https://blog.exodusintel.com/feed/,4,20,150,200,0,2026-10-04T09:55:31.736Z,2026-10-04T09:54:23.141Z,
a-box-of-chocolate,A box of chocolate,Vulnerability Disclosures,healthy,approved,dakutenpura.hatenablog.com,http://dakutenpura.hatenablog.com/feed,4,20,150,200,0,2026-10-04T09:55:31.736Z,2026-10-04T09:54:23.141Z,
zecops-blog,ZecOps Blog,Vulnerability Disclosures,healthy,approved,blog.zecops.com,https://blog.zecops.com/feed/,4,20,150,200,0,2026-10-04T09:55:31.736Z,2026-10-04T09:54:23.141Z,
tail-f-var-log-messages-grep-vegard,tail -f /var/log/messages | grep vegard,Vulnerability Disclosures,healthy,approved,vegardno.blogspot.com,http://vegardno.blogspot.com/feeds/posts/default,4,20,150,200,0,2026-10-04T09:55:31.736Z,2026-10-04T09:54:23.141Z,
hi-i-m-amat,"Hi, I'm Amat.",Vulnerability Disclosures,healthy,approved,acez.re,http://acez.re/rss/,4,20,150,200,0,2026-10-04T09:55:31.736Z,2026-10-04T09:54:23.141Z,
azeria-labs,Azeria Labs,Vulnerability Disclosures,healthy,approved,azeria-labs.com,https://azeria-labs.com/feed/,4,20,150,200,0,2026-10-04T09:55:31.736Z,2026-10-04T09:54:23.141Z,
firmy-s-blog,"Firmy's blog",Vulnerability Disclosures,healthy,approved,firmianay.github.io,https://firmianay.github.io/feed.xml,4,20,150,200,0,2026-10-04T09:55:31.736Z,2026-10-04T09:54:23.141Z,
apr4h-github-io,Apr4h.github.io,Vulnerability Disclosures,healthy,approved,apr4h.github.io,https://apr4h.github.io/feed.xml,4,20,150,200,0,2026-10-04T09:55:31.736Z,2026-10-04T09:54:23.141Z,
landave-s-blog,"landave's blog",Vulnerability Disclosures,healthy,approved,landave.io,https://landave.io/post/index.xml,4,20,150,200,0,2026-10-04T09:55:31.736Z,2026-10-04T09:54:23.141Z,
ms509-team-mission-studio,MS509 Team | Mission Studio,Vulnerability Disclosures,healthy,approved,feed43.com,https://feed43.com/3621608176276825.xml,4,20,150,200,0,2026-10-04T09:55:31.736Z,2026-10-04T09:54:23.141Z,
mod-log,mod%log,Vulnerability Disclosures,healthy,approved,modzero.ch,http://www.modzero.ch/modlog/rss.xml,4,20,150,200,0,2026-10-04T09:55:31.736Z,2026-10-04T09:54:23.141Z,
j00ru-vx-tech-blog,j00ru//vx tech blog,Vulnerability Disclosures,healthy,approved,j00ru.vexillium.org,http://j00ru.vexillium.org/?feed=rss2,4,20,150,200,0,2026-10-04T09:55:31.736Z,2026-10-04T09:54:23.141Z,
xorl-eax-eax,"xorl %eax, %eax",Vulnerability Disclosures,healthy,approved,xorl.wordpress.com,http://xorl.wordpress.com/feed/,4,20,150,200,0,2026-10-04T09:55:31.736Z,2026-10-04T09:54:23.141Z,
alex-ionescu-s-blog,Alex Ionescu’s Blog,Vulnerability Disclosures,healthy,approved,alex-ionescu.com,http://alex-ionescu.com/?feed=rss2,4,20,150,200,0,2026-10-04T09:55:31.736Z,2026-10-04T09:54:23.141Z,
rss-feed-bj-rn-ruytenberg,RSS Feed | Björn Ruytenberg,Vulnerability Disclosures,healthy,approved,blog.bjornweb.nl,http://blog.bjornweb.nl/feed.xml,4,20,150,200,0,2026-10-04T09:55:31.736Z,2026-10-04T09:54:23.141Z,
c0re-team,C0RE Team,Vulnerability Disclosures,healthy,approved,feed43.com,https://feed43.com/1631438424656001.xml,4,20,150,200,0,2026-10-04T09:55:31.736Z,2026-10-04T09:54:23.141Z,
povcfe-s-blog,"povcfe's blog",Vulnerability Disclosures,healthy,approved,povcfe.site,https://www.povcfe.site/index.xml,4,20,150,200,0,2026-10-04T09:55:31.736Z,2026-10-04T09:54:23.141Z,
swing-blog,"Swing'Blog 浮生若梦",Vulnerability Disclosures,healthy,approved,bestwing.me,http://bestwing.me/atom.xml,4,20,150,200,0,2026-10-04T09:55:31.736Z,2026-10-04T09:54:23.141Z,
danny-wei,博客园 - Danny__Wei,Vulnerability Disclosures,healthy,approved,feed.cnblogs.com,http://feed.cnblogs.com/blog/u/187775/rss,4,20,150,200,0,2026-10-04T09:55:31.736Z,2026-10-04T09:54:23.141Z,
gamozo-labs-blog,Gamozo Labs Blog,Vulnerability Disclosures,healthy,approved,gamozolabs.github.io,https://gamozolabs.github.io/feed.xml,4,20,150,200,0,2026-10-04T09:55:31.736Z,2026-10-04T09:54:23.141Z,
pwnies-awards,Pwnies Awards,Vulnerability Disclosures,healthy,approved,pwnies.com,https://pwnies.com/feed/,4,20,150,200,0,2026-10-04T09:55:31.736Z,2026-10-04T09:54:23.141Z,
2019-s-blog,"2019's blog",Vulnerability Disclosures,healthy,approved,mem2019.github.io,https://mem2019.github.io/feed.xml,4,20,150,200,0,2026-10-04T09:55:31.736Z,2026-10-04T09:54:23.141Z,
memset-s-blog,"memset's blog",Vulnerability Disclosures,healthy,approved,memset.wordpress.com,http://memset.wordpress.com/feed/,4,20,150,200,0,2026-10-04T09:55:31.736Z,2026-10-04T09:54:23.141Z,
rutk1t0r-s-blog,"rutk1t0r's blog",Vulnerability Disclosures,healthy,approved,rutk1t0r.org,http://www.rutk1t0r.org/atom.xml,4,20,150,200,0,2026-10-04T09:55:31.736Z,2026-10-04T09:54:23.141Z,
voidsecurity,voidsecurity,Vulnerability Disclosures,healthy,approved,v0ids3curity.blogspot.com,http://v0ids3curity.blogspot.com/feeds/posts/default,4,20,150,200,0,2026-10-04T09:55:31.736Z,2026-10-04T09:54:23.141Z,
ihazomgsecurityskillz,ihazomgsecurityskillz,Vulnerability Disclosures,healthy,approved,ihazomgsecurityskillz.blogspot.com,http://ihazomgsecurityskillz.blogspot.com/feeds/posts/default,4,20,150,200,0,2026-10-04T09:55:31.736Z,2026-10-04T09:54:23.141Z,
source-178,记事本,Vulnerability Disclosures,healthy,approved,rk700.github.io,http://rk700.github.io/feed.xml,4,20,150,200,0,2026-10-04T09:55:31.736Z,2026-10-04T09:54:23.141Z,
my-aimful-life,My aimful life,Vulnerability Disclosures,healthy,approved,blog.cr4.sh,http://blog.cr4.sh/feeds/posts/default,4,20,150,200,0,2026-10-04T09:55:31.736Z,2026-10-04T09:54:23.141Z,
ctf,CTFするぞ,Vulnerability Disclosures,healthy,approved,ptr-yudai.hatenablog.com,https://ptr-yudai.hatenablog.com/feed,4,20,150,200,0,2026-10-04T09:55:31.736Z,2026-10-04T09:54:23.141Z,
the-nenad-x,the_nenad_x,Vulnerability Disclosures,healthy,approved,the-nenad-x.blogspot.com,http://the-nenad-x.blogspot.com/feeds/posts/default,4,20,150,200,0,2026-10-04T09:55:31.736Z,2026-10-04T09:54:23.141Z,
maskray,MaskRay,Vulnerability Disclosures,healthy,approved,maskray.me,https://maskray.me/blog/atom.xml,4,20,150,200,0,2026-10-04T09:55:31.736Z,2026-10-04T09:54:23.141Z,
lexfo-s-security-blog,"Lexfo's security blog",Vulnerability Disclosures,healthy,approved,blog.lexfo.fr,https://blog.lexfo.fr/feeds/all.atom.xml,4,20,150,200,0,2026-10-04T09:55:31.736Z,2026-10-04T09:54:23.141Z,
keen-security-lab-blog,Keen Security Lab Blog,Vulnerability Disclosures,healthy,approved,keenlab.tencent.com,http://keenlab.tencent.com/en/atom.xml,4,20,150,200,0,2026-10-04T09:55:31.736Z,2026-10-04T09:54:23.141Z,
stalkr-s-blog,"StalkR's Blog",Vulnerability Disclosures,healthy,approved,blog.stalkr.net,http://blog.stalkr.net/feeds/posts/default,4,20,150,200,0,2026-10-04T09:55:31.736Z,2026-10-04T09:54:23.141Z,
an7i-security,An7i Security,Vulnerability Disclosures,healthy,approved,an7isec.blogspot.com,http://an7isec.blogspot.com/feeds/posts/default?alt=rss,4,20,150,200,0,2026-10-04T09:55:31.736Z,2026-10-04T09:54:23.141Z,
andrea-cardaci,Andrea Cardaci,Vulnerability Disclosures,healthy,approved,cardaci.xyz,https://cardaci.xyz/feed.xml,4,20,150,200,0,2026-10-04T09:55:31.736Z,2026-10-04T09:54:23.141Z,
alexander-popov,Alexander Popov,Vulnerability Disclosures,healthy,approved,a13xp0p0v.github.io,https://a13xp0p0v.github.io/feed.xml,4,20,150,200,0,2026-10-04T09:55:31.736Z,2026-10-04T09:54:23.141Z,
hc1m1,Hc1m1,Vulnerability Disclosures,healthy,approved,0x48.pw,https://0x48.pw/rss.xml,4,20,150,200,0,2026-10-04T09:55:31.736Z,2026-10-04T09:54:23.141Z,
source-179,不忘初心 方得始终,Vulnerability Disclosures,healthy,approved,terenceli.github.io,https://terenceli.github.io/atom.xml,4,20,150,200,0,2026-10-04T09:55:31.736Z,2026-10-04T09:54:23.141Z,
jbp-io,jbp.io,Vulnerability Disclosures,healthy,approved,jbp.io,https://jbp.io/atom.xml,4,20,150,200,0,2026-10-04T09:55:31.736Z,2026-10-04T09:54:23.141Z,
icesword-lab,IceSword Lab,Vulnerability Disclosures,healthy,approved,iceswordlab.com,https://www.iceswordlab.com/atom.xml,4,20,150,200,0,2026-10-04T09:55:31.736Z,2026-10-04T09:54:23.141Z,
greyhathacker-net,GreyHatHacker.NET,Vulnerability Disclosures,healthy,approved,greyhathacker.net,https://www.greyhathacker.net/?feed=rss2,4,20,150,200,0,2026-10-04T09:55:31.736Z,2026-10-04T09:54:23.141Z,
j00ru-vx-tech-blog-1,j00ru//vx tech blog,Vulnerability Disclosures,healthy,approved,j00ru.vexillium.org,https://j00ru.vexillium.org/feed/,4,20,150,200,0,2026-10-04T09:55:31.736Z,2026-10-04T09:54:23.141Z,
panicall-s-blog,Panicall’s Blog,Vulnerability Disclosures,healthy,approved,panicall.github.io,https://panicall.github.io/feed.xml,4,20,150,200,0,2026-10-04T09:55:31.736Z,2026-10-04T09:54:23.141Z,
dividead-s-blog,Dividead’s Blog,Vulnerability Disclosures,healthy,approved,dividead.wordpress.com,http://dividead.wordpress.com/feed/,4,20,150,200,0,2026-10-04T09:55:31.736Z,2026-10-04T09:54:23.141Z,
blog-wuntee,blog[wuntee],Vulnerability Disclosures,healthy,approved,blog.wuntee.sexy,http://blog.wuntee.sexy/atom.xml,4,20,150,200,0,2026-10-04T09:55:31.736Z,2026-10-04T09:54:23.141Z,
trapkit-blog,trapkit blog,Vulnerability Disclosures,healthy,approved,tk-blog.blogspot.com,http://tk-blog.blogspot.com/feeds/posts/default,4,20,150,200,0,2026-10-04T09:55:31.736Z,2026-10-04T09:54:23.141Z,
jussi-judin-s-weblog,"Jussi Judin's weblog",Vulnerability Disclosures,healthy,approved,feeds.feedburner.com,https://feeds.feedburner.com/jussijudin,4,20,150,200,0,2026-10-04T09:55:31.736Z,2026-10-04T09:54:23.141Z,
between-extremes,Between Extremes,Vulnerability Disclosures,healthy,approved,joevennix.com,http://joevennix.com/atom.xml,4,20,150,200,0,2026-10-04T09:55:31.736Z,2026-10-04T09:54:23.141Z,
redteam-pl-techblog,REDTEAM.PL TECHBLOG,Vulnerability Disclosures,healthy,approved,blog.redteam.pl,https://blog.redteam.pl/feeds/posts/default,4,20,150,200,0,2026-10-04T09:55:31.736Z,2026-10-04T09:54:23.141Z,
misty,Misty的小窝~,Vulnerability Disclosures,disabled,candidate,misty.moe,http://misty.moe/feed/,0,0,0,,0,,,
ox9a82,博客园 - Ox9A82,Vulnerability Disclosures,disabled,candidate,cnblogs.com,http://www.cnblogs.com/Ox9A82/rss,0,0,0,,0,,,
blog-m-bius-strip-reverse-engineering,Blog - Möbius Strip Reverse Engineering,Vulnerability Disclosures,disabled,candidate,msreverseengineering.com,http://www.msreverseengineering.com/blog?format=RSS,0,0,0,,0,,,
guido-vranken,Guido Vranken,Vulnerability Disclosures,disabled,candidate,guidovranken.wordpress.com,https://guidovranken.wordpress.com/feed/,0,0,0,,0,,,
source-180,腾讯科恩实验室官方博客,Vulnerability Disclosures,disabled,candidate,keenlab.tencent.com,http://keenlab.tencent.com/zh/atom.xml,0,0,0,,0,,,
etenal,ETenal,Vulnerability Disclosures,disabled,candidate,etenal.me,https://etenal.me/feed,0,0,0,,0,,,
ctf-hacker,CTF Hacker,Vulnerability Disclosures,disabled,candidate,ctfhacker.com,http://ctfhacker.com/feed.xml,0,0,0,,0,,,
pwnaccelerator-blog,pwnaccelerator BLOG,Vulnerability Disclosures,disabled,candidate,pwnaccelerator.github.io,https://pwnaccelerator.github.io/feed.xml,0,0,0,,0,,,
mike-dos-zhang,Mike Dos Zhang,Vulnerability Disclosures,disabled,candidate,mikedoszhang.blogspot.com,http://mikedoszhang.blogspot.com/feeds/posts/default,0,0,0,,0,,,
wonderkun-s-blog,"wonderkun's|blog",Vulnerability Disclosures,disabled,candidate,wonderkun.cc,http://wonderkun.cc/index.html/?feed=rss2,0,0,0,,0,,,
sploitf-u-n,sploitF-U-N,Vulnerability Disclosures,disabled,candidate,sploitfun.wordpress.com,https://sploitfun.wordpress.com/feed/,0,0,0,,0,,,
marco-ramilli-s-blog,"Marco Ramilli's Blog",Vulnerability Disclosures,disabled,candidate,marcoramilli.blogspot.com,http://marcoramilli.blogspot.com/feeds/posts/default,0,0,0,,0,,,
sina-amp-shahriar-s-blog,"Sina &amp; Shahriar's Blog",Vulnerability Disclosures,disabled,candidate,rayanfam.com,https://rayanfam.com/feed.xml,0,0,0,,0,,,
the-exploit-laboratory,The Exploit Laboratory,Vulnerability Disclosures,disabled,candidate,blog.exploitlab.net,http://blog.exploitlab.net/feeds/posts/default,0,0,0,,0,,,
blog-atredis-partners,Blog - Atredis Partners,Vulnerability Disclosures,disabled,candidate,atredis.com,https://www.atredis.com/blog?format=RSS,0,0,0,,0,,,
void0red-s-blog,"void0red's blog",Vulnerability Disclosures,disabled,candidate,blog.void0red.top,http://blog.void0red.top/pages/feed.xml,0,0,0,,0,,,
rss-the-fuzzing-project-blog-and-advisories,RSS: The Fuzzing Project - Blog and Advisories,Vulnerability Disclosures,disabled,candidate,blog.fuzzing-project.org,https://blog.fuzzing-project.org/feeds/index.rss2,0,0,0,,0,,,
vreugdenhil-research,Vreugdenhil Research,Vulnerability Disclosures,disabled,candidate,vreugdenhilresearch.nl,http://vreugdenhilresearch.nl/feed/,0,0,0,,0,,,
lcamtuf-s-old-blog-1,"lcamtuf's old blog",Vulnerability Disclosures,disabled,candidate,lcamtuf.blogspot.com,https://lcamtuf.blogspot.com/feeds/posts/default,0,0,0,,0,,,
damien-deville,Damien Deville,Vulnerability Disclosures,disabled,candidate,ddeville.me,http://ddeville.me/feed.xml,0,0,0,,0,,,
orange-cyberdefense,Orange Cyberdefense,Vulnerability Disclosures,disabled,candidate,sensepost.com,https://sensepost.com/rss.xml,0,0,0,,0,,,
blog-dornea-nu,blog.dornea.nu,Vulnerability Disclosures,disabled,candidate,blog.dornea.nu,https://blog.dornea.nu/feed.xml,0,0,0,,0,,,
blog-ropchain-com-security-blog,blog.ropchain.com – Security blog,Vulnerability Disclosures,disabled,candidate,blog.ropchain.com,https://blog.ropchain.com/feed/,0,0,0,,0,,,
source-181,太阳风的专栏,Vulnerability Disclosures,disabled,candidate,blog.csdn.net,http://blog.csdn.net/u012528173/rss/list,0,0,0,,0,,,
p4nda-s-blog,"p4nda's blog",Vulnerability Disclosures,disabled,candidate,p4nda.top,http://p4nda.top/atom.xml,0,0,0,,0,,,
ran-menscher-s-blog,"Ran Menscher's Blog",Vulnerability Disclosures,disabled,candidate,menschers.com,https://menschers.com/feed/,0,0,0,,0,,,
what-s-in-your-silicon,"What's in your silicon?",Vulnerability Disclosures,disabled,candidate,blogger.com,http://www.blogger.com/feeds/4784284837399262626/posts/default,0,0,0,,0,,,
myne-us,Myne-us,Vulnerability Disclosures,disabled,candidate,myne-us.blogspot.com,http://myne-us.blogspot.com/feeds/posts/default,0,0,0,,0,,,
cerbero-blog,Cerbero Blog,Vulnerability Disclosures,disabled,candidate,cerbero-blog.com,http://cerbero-blog.com/?feed=rss2,0,0,0,,0,,,
phoenhex-team,phoenhex team,Vulnerability Disclosures,disabled,candidate,phoenhex.re,https://phoenhex.re/feed.xml,0,0,0,,0,,,
project-zero,Project Zero,Vulnerability Disclosures,disabled,candidate,googleprojectzero.blogspot.com,http://googleprojectzero.blogspot.com/feeds/posts/default,0,0,0,,0,,,
marcograss-blog,"marcograss' blog",Vulnerability Disclosures,disabled,candidate,marcograss.github.io,https://marcograss.github.io/feed.xml,0,0,0,,0,,,
b-f-uzzing-on-my-world,(B)(F)uzzing on my world,Vulnerability Disclosures,disabled,candidate,spa-s3c.blogspot.com,http://spa-s3c.blogspot.com/feeds/posts/default,0,0,0,,0,,,
em-386,EM_386,Vulnerability Disclosures,disabled,candidate,em386.blogspot.com,http://em386.blogspot.com/feeds/posts/default,0,0,0,,0,,,
jay-bosamiya,Jay Bosamiya,Vulnerability Disclosures,disabled,candidate,jaybosamiya.com,https://www.jaybosamiya.com/blog/atom.xml,0,0,0,,0,,,
flanker-sky-1,Flanker Sky,Vulnerability Disclosures,disabled,candidate,blog.flanker017.me,https://blog.flanker017.me/feed/,0,0,0,,0,,,
source-182,量子能量塔,Vulnerability Disclosures,disabled,candidate,diabolo94.github.io,https://diabolo94.github.io/atom.xml,0,0,0,,0,,,
ihazomgsecurityskillz-1,ihazomgsecurityskillz,Vulnerability Disclosures,disabled,candidate,ihazomgsecurityskillz.blogspot.com,http://ihazomgsecurityskillz.blogspot.com/feeds/posts/default?alt=rss,0,0,0,,0,,,
gdb-break-0x972,(gdb) break *0x972,Vulnerability Disclosures,disabled,candidate,blog.0x972.info,http://blog.0x972.info/rss.php,0,0,0,,0,,,
low-level-shenanigans,Low-level Shenanigans,Vulnerability Disclosures,disabled,candidate,ihack4falafel.github.io,https://ihack4falafel.github.io/feed.xml,0,0,0,,0,,,
i-hack-therefore-i-am,"I hack, therefore I am",Vulnerability Disclosures,disabled,candidate,blog.ikotler.org,http://blog.ikotler.org/feeds/posts/default,0,0,0,,0,,,
the-blog-of-malweisse-s-corruptions,"The blog of malweisse's corruptions",Vulnerability Disclosures,disabled,candidate,andreafioraldi.github.io,https://andreafioraldi.github.io/atom.xml,0,0,0,,0,,,
brightiup-blog,Brightiup Blog,Vulnerability Disclosures,disabled,candidate,feed43.com,https://feed43.com/7741664325142083.xml,0,0,0,,0,,,
source-183,小刀志,Vulnerability Disclosures,disabled,candidate,xiaodaozhi.com,https://xiaodaozhi.com/feed/,0,0,0,,0,,,
mwr-publications,MWR Publications,Vulnerability Disclosures,disabled,candidate,feed43.com,https://feed43.com/5560170473384242.xml,0,0,0,,0,,,
sturmflut-s-blog,"Sturmflut's blog",Vulnerability Disclosures,disabled,candidate,sturmflut.github.io,https://sturmflut.github.io/feed.xml,0,0,0,,0,,,
bendawang-s-site,"Bendawang's site",Vulnerability Disclosures,disabled,candidate,bendawang.site,http://www.bendawang.site/rss.xml,0,0,0,,0,,,
robert-swiecki,[robert swiecki],Vulnerability Disclosures,disabled,candidate,blog.swiecki.net,http://blog.swiecki.net/feeds/posts/default,0,0,0,,0,,,
inulledmyself,INulledMyself,Vulnerability Disclosures,disabled,candidate,inulledmyself.com,http://www.inulledmyself.com/feeds/posts/default,0,0,0,,0,,,
jndok-s-blog,"jndok's blog",Vulnerability Disclosures,disabled,candidate,jndok.github.io,http://jndok.github.io/atom.xml,0,0,0,,0,,,
solution-36,Solution 36,Vulnerability Disclosures,disabled,candidate,feeds2.feedburner.com,http://feeds2.feedburner.com/intheknow-security,0,0,0,,0,,,
siberas-blog,siberas blog,Vulnerability Disclosures,disabled,candidate,siberas.blogspot.com,http://siberas.blogspot.com/feeds/posts/default,0,0,0,,0,,,
objective-see-s-blog,"Objective-See's Blog",Vulnerability Disclosures,disabled,candidate,objective-see.com,https://objective-see.com/rss.xml,0,0,0,,0,,,
dhaval-kapil,Dhaval Kapil,Vulnerability Disclosures,disabled,candidate,dhavalkapil.com,https://dhavalkapil.com/atom.xml,0,0,0,,0,,,
trash,.Trash,Vulnerability Disclosures,disabled,candidate,blog.tonkatsu.info,https://blog.tonkatsu.info/feed.xml,0,0,0,,0,,,
flexera-blog-feed,Flexera Blog - Feed,Vulnerability Disclosures,disabled,candidate,feeds.feedburner.com,http://feeds.feedburner.com/SecuniaResearch,0,0,0,,0,,,
sysexit,sysexit,Vulnerability Disclosures,disabled,candidate,sysexit.wordpress.com,https://sysexit.wordpress.com/feed/,0,0,0,,0,,,
128-nops-and-counting,128 nops and counting,Vulnerability Disclosures,disabled,candidate,carstein.github.io,https://carstein.github.io/feed.xml,0,0,0,,0,,,
gynvael-coldwind-vx-log-pl,gynvael.coldwind//vx.log (pl),Vulnerability Disclosures,disabled,candidate,gynvael.coldwind.pl,http://gynvael.coldwind.pl/rss_pl.php,0,0,0,,0,,,
0x41414141-in,0x41414141 in ?? (),Vulnerability Disclosures,disabled,candidate,abiondo.me,https://abiondo.me/feed.xml,0,0,0,,0,,,
push-the-red-button,Push the Red Button,Vulnerability Disclosures,disabled,candidate,moyix.blogspot.com,http://moyix.blogspot.com/feeds/posts/default,0,0,0,,0,,,
source-184,ふるつき,Vulnerability Disclosures,disabled,candidate,furutsuki.hatenablog.com,https://furutsuki.hatenablog.com/rss,0,0,0,,0,,,
mykter-com,mykter.com,Vulnerability Disclosures,disabled,candidate,mykter.com,https://mykter.com/feed.xml,0,0,0,,0,,,
eyal-itkin,Eyal Itkin,Vulnerability Disclosures,disabled,candidate,eyalitkin.wordpress.com,https://eyalitkin.wordpress.com/feed/,0,0,0,,0,,,
woosun-song,Woosun Song,Vulnerability Disclosures,disabled,candidate,pr0cf5.github.io,https://pr0cf5.github.io/feed.xml,0,0,0,,0,,,
dragon-sector,Dragon Sector,Vulnerability Disclosures,disabled,candidate,blog.dragonsector.pl,https://blog.dragonsector.pl/feeds/posts/default,0,0,0,,0,,,
michael-coppola-s-blog,"Michael Coppola's Blog",Vulnerability Disclosures,disabled,candidate,poppopret.org,http://www.poppopret.org/?feed=rss2,0,0,0,,0,,,
catbro-s-blog,"CatBro's Blog",Vulnerability Disclosures,disabled,candidate,catbro666.github.io,https://catbro666.github.io/atom.xml,0,0,0,,0,,,
pwning-systems,pwning.systems,Vulnerability Disclosures,disabled,candidate,pwning.systems,https://pwning.systems/index.xml,0,0,0,,0,,,
secret-club,secret club,Vulnerability Disclosures,disabled,candidate,secret.club,https://secret.club/feed.xml,0,0,0,,0,,,
doublemice,DoubleMice,Vulnerability Disclosures,disabled,candidate,doublemice.github.io,https://doublemice.github.io/feed.xml,0,0,0,,0,,,
l1nk3dhouse,l1nk3dHouse,Vulnerability Disclosures,disabled,candidate,showlinkroom.me,http://showlinkroom.me/atom.xml,0,0,0,,0,,,
hac425,博客园 - hac425,Vulnerability Disclosures,disabled,candidate,cnblogs.com,https://www.cnblogs.com/hac425/rss,0,0,0,,0,,,
l33d0hyun,"'@l33d0hyun",Vulnerability Disclosures,disabled,candidate,fuzzing.kr,https://fuzzing.kr/feed,0,0,0,,0,,,
ricerca-security,Ricerca Security,Vulnerability Disclosures,disabled,candidate,ricercasecurity.blogspot.com,https://ricercasecurity.blogspot.com/feeds/posts/default,0,0,0,,0,,,
noncombatant,Noncombatant,Vulnerability Disclosures,disabled,candidate,noncombatant.org,https://noncombatant.org/feed/,0,0,0,,0,,,
fuzzing-labs,Fuzzing Labs,Vulnerability Disclosures,disabled,candidate,webassembly-security.com,https://webassembly-security.com/feed/,0,0,0,,0,,,
mas0n-s-blog,"Mas0n's blog",Vulnerability Disclosures,disabled,candidate,mas0n.org,https://mas0n.org/feed,0,0,0,,0,,,
posts-on-bananamafia,Posts on BananaMafia,Vulnerability Disclosures,disabled,candidate,bananamafia.dev,https://bananamafia.dev/post/index.xml,0,0,0,,0,,,
deep-exploit-space,Deep Exploit Space,Incident Response & Forensics,healthy,approved,exploitspace.blogspot.com,http://exploitspace.blogspot.com/feeds/posts/default,4,20,150,200,0,2026-10-04T09:55:31.736Z,2026-10-04T09:54:23.141Z,
se7en-s-blog,"Se7en's Blog|专注渗透测试。",Incident Response & Forensics,healthy,approved,se7ensec.cn,https://www.se7ensec.cn/atom.xml,4,20,150,200,0,2026-10-04T09:55:31.736Z,2026-10-04T09:54:23.141Z,
bitsadmin-s-blog-mystery-guest-in-your-it-infrastructure,"Bitsadmin's blog - Mystery guest in your IT infrastructure",Incident Response & Forensics,healthy,approved,blog.bitsadmin.com,https://blog.bitsadmin.com/feed.xml,4,20,150,200,0,2026-10-04T09:55:31.736Z,2026-10-04T09:54:23.141Z,
all-posts-malicious-link-blog-by-mubix-rob-fuller,All Posts - Malicious Link - Blog by mubix - Rob Fuller,Incident Response & Forensics,healthy,approved,malicious.link,https://malicious.link/post/index.xml,4,20,150,200,0,2026-10-04T09:55:31.736Z,2026-10-04T09:54:23.141Z,
secure-belief,Secure Belief,Incident Response & Forensics,healthy,approved,amolnaik4.blogspot.com,http://amolnaik4.blogspot.com/feeds/posts/default,4,20,150,200,0,2026-10-04T09:55:31.736Z,2026-10-04T09:54:23.141Z,
fox-it-international-blog,Fox-IT International blog,Incident Response & Forensics,healthy,approved,blog.fox-it.com,http://blog.fox-it.com/feed/,4,20,150,200,0,2026-10-04T09:55:31.736Z,2026-10-04T09:54:23.141Z,
posts-on-christopher-alonso,Posts on Christopher Alonso,Incident Response & Forensics,healthy,approved,christopherja.rocks,https://christopherja.rocks/posts/index.xml,4,20,150,200,0,2026-10-04T09:55:31.736Z,2026-10-04T09:54:23.141Z,
publications-outflank,Publications | Outflank,Incident Response & Forensics,healthy,approved,outflank.nl,https://outflank.nl/blog/feed/,4,20,150,200,0,2026-10-04T09:55:31.736Z,2026-10-04T09:54:23.141Z,
icewall-s-blog,"Icewall's blog",Incident Response & Forensics,healthy,approved,icewall.pl,http://www.icewall.pl/?feed=rss2,4,20,150,200,0,2026-10-04T09:55:31.736Z,2026-10-04T09:54:23.141Z,
source-185,安全小飞侠的窝,Incident Response & Forensics,healthy,approved,avfisher.win,http://avfisher.win/feed,4,20,150,200,0,2026-10-04T09:55:31.736Z,2026-10-04T09:54:23.141Z,
misc,Misc,Incident Response & Forensics,healthy,approved,kaimi.io,https://kaimi.io/en/feed/,4,20,150,200,0,2026-10-04T09:55:31.736Z,2026-10-04T09:54:23.141Z,
tyranid-s-lair,"Tyranid's Lair",Incident Response & Forensics,healthy,approved,tyranidslair.blogspot.com,https://tyranidslair.blogspot.com/feeds/posts/default,4,20,150,200,0,2026-10-04T09:55:31.736Z,2026-10-04T09:54:23.141Z,
the-safe-mac,The Safe Mac,Incident Response & Forensics,healthy,approved,reedcorner.net,http://reedcorner.net/feed/,4,20,150,200,0,2026-10-04T09:55:31.736Z,2026-10-04T09:54:23.141Z,
payatu,Payatu,Incident Response & Forensics,healthy,approved,payatu.com,http://payatu.com/feed/,4,20,150,200,0,2026-10-04T09:55:31.736Z,2026-10-04T09:54:23.141Z,
penetration-testing-lab,Penetration Testing Lab,Incident Response & Forensics,healthy,approved,pentestlab.blog,https://pentestlab.blog/feed/,4,20,150,200,0,2026-10-04T09:55:31.736Z,2026-10-04T09:54:23.141Z,
woojay-s-blog,"Woojay's Blog",Incident Response & Forensics,healthy,approved,blog.blankshell.com,https://blog.blankshell.com/feed/,4,20,150,200,0,2026-10-04T09:55:31.736Z,2026-10-04T09:54:23.141Z,
tssci-security,tssci-security,Incident Response & Forensics,healthy,approved,tssci-security.com,http://www.tssci-security.com/feed.atom,4,20,150,200,0,2026-10-04T09:55:31.736Z,2026-10-04T09:54:23.141Z,
brucetg-s-blog,"Brucetg's Blog",Incident Response & Forensics,healthy,approved,brucetg.github.io,https://brucetg.github.io/atom.xml,4,20,150,200,0,2026-10-04T09:55:31.736Z,2026-10-04T09:54:23.141Z,
pureqh-feed-https-pureqh-top,pureqh » Feed (https://pureqh.top),Incident Response & Forensics,healthy,approved,pureqh.top,https://pureqh.top/?feed=rss2,4,20,150,200,0,2026-10-04T09:55:31.736Z,2026-10-04T09:54:23.141Z,
riccardo-ancarani-red-team-adventures,Riccardo Ancarani - Red Team Adventures,Incident Response & Forensics,healthy,approved,riccardoancarani.github.io,https://riccardoancarani.github.io/feed.xml,4,20,150,200,0,2026-10-04T09:55:31.736Z,2026-10-04T09:54:23.141Z,
pentestmonkey,pentestmonkey,Incident Response & Forensics,healthy,approved,feeds.feedburner.com,http://feeds.feedburner.com/pentestmonkey,4,20,150,200,0,2026-10-04T09:55:31.736Z,2026-10-04T09:54:23.141Z,
hacking-dream,Hacking Dream,Incident Response & Forensics,healthy,approved,hackingdream.net,https://www.hackingdream.net/feeds/posts/default?alt=rss,4,20,150,200,0,2026-10-04T09:55:31.736Z,2026-10-04T09:54:23.141Z,
forcepoint,Forcepoint,Incident Response & Forensics,healthy,approved,blogs.forcepoint.com,https://blogs.forcepoint.com/rss.xml,4,20,150,200,0,2026-10-04T09:55:31.736Z,2026-10-04T09:54:23.141Z,
enigma0x3,enigma0x3,Incident Response & Forensics,healthy,approved,enigma0x3.net,https://enigma0x3.net/feed/,4,20,150,200,0,2026-10-04T09:55:31.736Z,2026-10-04T09:54:23.141Z,
bernardo-dag,Bernardo Dag,Incident Response & Forensics,healthy,approved,feeds2.feedburner.com,http://feeds2.feedburner.com/BernardoDamele,4,20,150,200,0,2026-10-04T09:55:31.736Z,2026-10-04T09:54:23.141Z,
grimm-blog,GRIMM Blog,Incident Response & Forensics,healthy,approved,blog.grimm-co.com,https://blog.grimm-co.com/feeds/posts/default?alt=rss,4,20,150,200,0,2026-10-04T09:55:31.736Z,2026-10-04T09:54:23.141Z,
joe-s-security-blog,"Joe's Security Blog",Incident Response & Forensics,healthy,approved,gironsec.com,http://www.gironsec.com/blog/feed/,4,20,150,200,0,2026-10-04T09:55:31.736Z,2026-10-04T09:54:23.141Z,
evi1cg-s-blog,"Evi1cg's blog",Incident Response & Forensics,healthy,approved,evi1cg.me,https://evi1cg.me/atom.xml,4,20,150,200,0,2026-10-04T09:55:31.736Z,2026-10-04T09:54:23.141Z,
ryotak-s-blog,"RyotaK's Blog",Incident Response & Forensics,healthy,approved,blog.ryotak.me,https://blog.ryotak.me/index.xml,4,20,150,200,0,2026-10-04T09:55:31.736Z,2026-10-04T09:54:23.141Z,
threat-research-blog,Threat Research Blog,Incident Response & Forensics,healthy,approved,fireeye.com,http://www.fireeye.com/blog/feed,4,20,150,200,0,2026-10-04T09:55:31.736Z,2026-10-04T09:54:23.141Z,
splinter-code-blog,splinter_code blog,Incident Response & Forensics,healthy,approved,antoniococo.github.io,https://antoniococo.github.io/rss.xml,4,20,150,200,0,2026-10-04T09:55:31.736Z,2026-10-04T09:54:23.141Z,
blog-2,Blog,Incident Response & Forensics,healthy,approved,blog.gdssecurity.com,https://blog.gdssecurity.com/labs/rss.xml,4,20,150,200,0,2026-10-04T09:55:31.736Z,2026-10-04T09:54:23.141Z,
c-in-s-u-it-chrisjohnriley,Cатсн²² (in)sесuяitу / ChrisJohnRiley,Incident Response & Forensics,healthy,approved,blog.c22.cc,https://blog.c22.cc/feed/,4,20,150,200,0,2026-10-04T09:55:31.736Z,2026-10-04T09:54:23.141Z,
root-cyberworld-noah-lab,root@cyberworld:~# Noah Lab,Incident Response & Forensics,healthy,approved,noahblog.360.cn,http://noahblog.360.cn/rss/,4,20,150,200,0,2026-10-04T09:55:31.736Z,2026-10-04T09:54:23.141Z,
remote-exploit-org,remote-exploit.org,Incident Response & Forensics,healthy,approved,remote-exploit.org,http://www.remote-exploit.org/rss.xml,4,20,150,200,0,2026-10-04T09:55:31.736Z,2026-10-04T09:54:23.141Z,
cheesy-rumbles,Cheesy Rumbles,Incident Response & Forensics,healthy,approved,rastamouse.me,https://rastamouse.me/feed/,4,20,150,200,0,2026-10-04T09:55:31.736Z,2026-10-04T09:54:23.141Z,
shenanigans-labs,Shenanigans Labs,Incident Response & Forensics,healthy,approved,feed43.com,https://feed43.com/2363238175212207.xml,4,20,150,200,0,2026-10-04T09:55:31.736Z,2026-10-04T09:54:23.141Z,
byt3bl33d3r,byt3bl33d3r,Incident Response & Forensics,healthy,approved,byt3bl33d3r.github.io,https://byt3bl33d3r.github.io/feeds/all.rss.xml,4,20,150,200,0,2026-10-04T09:55:31.736Z,2026-10-04T09:54:23.141Z,
shell-is-only-the-beginning,Shell is Only the Beginning,Incident Response & Forensics,healthy,approved,darkoperator.com,http://www.darkoperator.com/blog/atom.xml,4,20,150,200,0,2026-10-04T09:55:31.736Z,2026-10-04T09:54:23.141Z,
3gstudent-blog,3gstudent-Blog,Incident Response & Forensics,healthy,approved,3gstudent.github.io,https://3gstudent.github.io/atom.xml,4,20,150,200,0,2026-10-04T09:55:31.736Z,2026-10-04T09:54:23.141Z,
fortynorth-security-blog,FortyNorth Security Blog,Incident Response & Forensics,healthy,approved,fortynorthsecurity.com,https://fortynorthsecurity.com/blog/rss/,4,20,150,200,0,2026-10-04T09:55:31.736Z,2026-10-04T09:54:23.141Z,
re4son,Re4son,Incident Response & Forensics,healthy,approved,whitedome.com.au,https://whitedome.com.au/re4son/feed/,4,20,150,200,0,2026-10-04T09:55:31.736Z,2026-10-04T09:54:23.141Z,
aresx-s-blog,"AresX's Blog",Incident Response & Forensics,healthy,approved,ares-x.com,https://ares-x.com/atom.xml,4,20,150,200,0,2026-10-04T09:55:31.736Z,2026-10-04T09:54:23.141Z,
dragon-threat-labs,Dragon Threat Labs,Incident Response & Forensics,healthy,approved,blog.dragonthreatlabs.com,http://blog.dragonthreatlabs.com/feeds/posts/default,4,20,150,200,0,2026-10-04T09:55:31.736Z,2026-10-04T09:54:23.141Z,
pentest-n00b,pentest-n00b,Incident Response & Forensics,healthy,approved,pentestn00b.wordpress.com,http://pentestn00b.wordpress.com/feed/,4,20,150,200,0,2026-10-04T09:55:31.736Z,2026-10-04T09:54:23.141Z,
infosec-resources,Infosec Resources,Incident Response & Forensics,healthy,approved,resources.infosecinstitute.com,http://resources.infosecinstitute.com/feed/,4,20,150,200,0,2026-10-04T09:55:31.736Z,2026-10-04T09:54:23.141Z,
techy-zilla,Techy Zilla,Incident Response & Forensics,healthy,approved,techyzilla.blogspot.com,http://techyzilla.blogspot.com/feeds/posts/default,4,20,150,200,0,2026-10-04T09:55:31.736Z,2026-10-04T09:54:23.141Z,
scriptkidd1e,scriptkidd1e,Incident Response & Forensics,healthy,approved,scriptkidd1e.wordpress.com,https://scriptkidd1e.wordpress.com/feed/,4,20,150,200,0,2026-10-04T09:55:31.736Z,2026-10-04T09:54:23.141Z,
pentest-blog,Pentest Blog,Incident Response & Forensics,healthy,approved,pentest.blog,https://pentest.blog/feed/,4,20,150,200,0,2026-10-04T09:55:31.736Z,2026-10-04T09:54:23.141Z,
breakdev,BREAKDEV,Incident Response & Forensics,healthy,approved,breakdev.org,https://breakdev.org/rss/,4,20,150,200,0,2026-10-04T09:55:31.736Z,2026-10-04T09:54:23.141Z,
r34l-ty,r34l!ty - 不负勇往,Incident Response & Forensics,healthy,approved,rinige.com,http://rinige.com/index.php/feed,4,20,150,200,0,2026-10-04T09:55:31.736Z,2026-10-04T09:54:23.141Z,
red-teaming,Red Teaming,Incident Response & Forensics,healthy,approved,redteaming.co.uk,https://redteaming.co.uk/feed/,4,20,150,200,0,2026-10-04T09:55:31.736Z,2026-10-04T09:54:23.141Z,
imnothere,ImNotHere,Incident Response & Forensics,healthy,approved,happytree.farbox.com,http://happytree.farbox.com/feed,4,20,150,200,0,2026-10-04T09:55:31.736Z,2026-10-04T09:54:23.141Z,
rss-programming-stuff,RSS: Programming stuff -,Incident Response & Forensics,healthy,approved,the-interweb.com,http://the-interweb.com/serendipity/index.php?%2Ffeeds%2Findex.rss2=,4,20,150,200,0,2026-10-04T09:55:31.736Z,2026-10-04T09:54:23.141Z,
a-team,奇安信A-TEAM技术博客,Incident Response & Forensics,healthy,approved,blog.ateam.qianxin.com,https://blog.ateam.qianxin.com/atom.xml,4,20,150,200,0,2026-10-04T09:55:31.736Z,2026-10-04T09:54:23.141Z,
shell-is-only-the-beginning-1,Shell is Only the Beginning,Incident Response & Forensics,healthy,approved,darkoperator.com,https://www.darkoperator.com/blog?format=rss,4,20,150,200,0,2026-10-04T09:55:31.736Z,2026-10-04T09:54:23.141Z,
imq-minded-security-blog,IMQ Minded Security Blog,Incident Response & Forensics,healthy,approved,blog.mindedsecurity.com,http://blog.mindedsecurity.com/feeds/posts/default,4,20,150,200,0,2026-10-04T09:55:31.736Z,2026-10-04T09:54:23.141Z,
rcoil,RcoIl的窝,Incident Response & Forensics,healthy,approved,rcoil.me,http://rcoil.me/atom.xml,4,20,150,200,0,2026-10-04T09:55:31.736Z,2026-10-04T09:54:23.141Z,
guidepoint-security,GuidePoint Security,Incident Response & Forensics,healthy,approved,guidepointsecurity.com,https://www.guidepointsecurity.com/feed/,4,20,150,200,0,2026-10-04T09:55:31.736Z,2026-10-04T09:54:23.141Z,
darknet-hacking-tools-hacker-news-amp-cyber-security-1,"Darknet – Hacking Tools, Hacker News &amp; Cyber Security",Incident Response & Forensics,healthy,approved,darknet.org.uk,https://www.darknet.org.uk/feed/,4,20,150,200,0,2026-10-04T09:55:31.736Z,2026-10-04T09:54:23.141Z,
bluescreenofjeff-com-a-blog-about-penetration-testing-and-red-teaming,bluescreenofjeff.com - a blog about penetration testing and red teaming,Incident Response & Forensics,healthy,approved,bluescreenofjeff.com,https://bluescreenofjeff.com/feed.xml,4,20,150,200,0,2026-10-04T09:55:31.736Z,2026-10-04T09:54:23.141Z,
techorganic,Techorganic,Incident Response & Forensics,healthy,approved,blog.techorganic.com,https://blog.techorganic.com/atom.xml,4,20,150,200,0,2026-10-04T09:55:31.736Z,2026-10-04T09:54:23.141Z,
security-reliks,Security Reliks,Incident Response & Forensics,healthy,approved,securityreliks.wordpress.com,http://securityreliks.wordpress.com/feed/,4,20,150,200,0,2026-10-04T09:55:31.736Z,2026-10-04T09:54:23.141Z,
source-186,博客园 - 挖洞的土拨鼠,Incident Response & Forensics,healthy,approved,feed.cnblogs.com,http://feed.cnblogs.com/blog/u/319092/rss,4,20,150,200,0,2026-10-04T09:55:31.736Z,2026-10-04T09:54:23.141Z,
lyon-s-blog,"Lyon's blog",Incident Response & Forensics,healthy,approved,youngroe.com,http://www.youngroe.com/atom.xml,4,20,150,200,0,2026-10-04T09:55:31.736Z,2026-10-04T09:54:23.141Z,
confessions-of-a-penetration-tester,Confessions of a Penetration Tester,Incident Response & Forensics,healthy,approved,pentesterconfessions.blogspot.com,http://pentesterconfessions.blogspot.com/feeds/posts/default,4,20,150,200,0,2026-10-04T09:55:31.736Z,2026-10-04T09:54:23.141Z,
linhlhq-s-blog,"linhlhq's blog",Incident Response & Forensics,healthy,approved,ezqelusia.blogspot.com,https://ezqelusia.blogspot.com/feeds/posts/default?alt=rss,4,20,150,200,0,2026-10-04T09:55:31.736Z,2026-10-04T09:54:23.141Z,
blogs-on-dade,Blogs on dade,Incident Response & Forensics,healthy,approved,0xda.de,https://0xda.de/blog/index.xml,4,20,150,200,0,2026-10-04T09:55:31.736Z,2026-10-04T09:54:23.141Z,
low-cost-hardware-and-free-software,Low-cost hardware and free software,Incident Response & Forensics,healthy,approved,ferrancasanovas.wordpress.com,https://ferrancasanovas.wordpress.com/feed/,4,20,150,200,0,2026-10-04T09:55:31.736Z,2026-10-04T09:54:23.141Z,
securelist,Securelist,Incident Response & Forensics,healthy,approved,securelist.com,http://www.securelist.com/en/rss/allupdates,4,20,150,200,0,2026-10-04T09:55:31.736Z,2026-10-04T09:54:23.141Z,
pulse-security,Pulse Security,Incident Response & Forensics,disabled,candidate,feed43.com,https://feed43.com/5688068022162007.xml,0,0,0,,0,,,
linux-foundation-blogs,Linux Foundation Blogs,Incident Response & Forensics,disabled,candidate,linuxfoundation.org,https://www.linuxfoundation.org/blog/rss.xml,0,0,0,,0,,,
thoughts-on-security,Thoughts on Security,Incident Response & Forensics,disabled,candidate,scriptjunkie.us,http://www.scriptjunkie.us/feed/,0,0,0,,0,,,
unauthorized-access-blog,Unauthorized Access Blog,Incident Response & Forensics,disabled,candidate,blog.unauthorizedaccess.nl,https://blog.unauthorizedaccess.nl/feed.xml,0,0,0,,0,,,
hn-security,hn security,Incident Response & Forensics,disabled,candidate,security.humanativaspa.it,https://security.humanativaspa.it/feed/,0,0,0,,0,,,
zha0gongz1,博客园 - zha0gongz1,Incident Response & Forensics,disabled,candidate,feed.cnblogs.com,http://feed.cnblogs.com/blog/u/569318/rss/,0,0,0,,0,,,
bug-bounty-in-infosec-write-ups-on-medium,Bug Bounty in InfoSec Write-ups on Medium,Incident Response & Forensics,disabled,candidate,medium.com,https://medium.com/feed/bugbountywriteup/tagged/bug-bounty,0,0,0,,0,,,
source-187,灯塔实验室,Incident Response & Forensics,disabled,candidate,plcscan.org,http://plcscan.org/blog/feed/,0,0,0,,0,,,
xpn-infosec-blog,XPN InfoSec Blog,Incident Response & Forensics,disabled,candidate,blog.xpnsec.com,https://blog.xpnsec.com/rss/,0,0,0,,0,,,
security-sift,Security Sift,Incident Response & Forensics,disabled,candidate,securitysift.com,http://www.securitysift.com/?feed=rss,0,0,0,,0,,,
reusable-security,Reusable Security,Incident Response & Forensics,disabled,candidate,reusablesec.blogspot.com,https://reusablesec.blogspot.com/feeds/posts/default?alt=rss,0,0,0,,0,,,
source-188,独自等待,Incident Response & Forensics,disabled,candidate,waitalone.cn,https://www.waitalone.cn/feed,0,0,0,,0,,,
xpn-infosec-blog-1,XPN InfoSec Blog,Incident Response & Forensics,disabled,candidate,blog.xpnsec.com,https://blog.xpnsec.com/rss.xml,0,0,0,,0,,,
picturoku,PICTUROKU,Incident Response & Forensics,disabled,candidate,picturoku.blogspot.com,http://picturoku.blogspot.com/feeds/posts/default,0,0,0,,0,,,
harmj0y,harmj0y,Incident Response & Forensics,disabled,candidate,blog.harmj0y.net,https://blog.harmj0y.net/feed/,0,0,0,,0,,,
security-sift-1,Security Sift,Incident Response & Forensics,disabled,candidate,securitysift.com,https://www.securitysift.com/feed/,0,0,0,,0,,,
sandfly-security-blog-rss-feed,Sandfly Security Blog RSS Feed,Incident Response & Forensics,disabled,candidate,sandflysecurity.com,https://www.sandflysecurity.com/feed/,0,0,0,,0,,,
1oecho-github-io,1oecho.github.io,Incident Response & Forensics,disabled,candidate,1oecho.github.io,https://1oecho.github.io/atom.xml,0,0,0,,0,,,
what-s-in-your-silicon-1,"What's in your silicon?",Incident Response & Forensics,disabled,candidate,siliconblade.blogspot.com,http://siliconblade.blogspot.com/feeds/posts/default,0,0,0,,0,,,
dancho-danchev-s-blog,"Dancho Danchev's Blog",Incident Response & Forensics,disabled,candidate,feeds.feedburner.com,http://feeds.feedburner.com/DanchoDanchevOnSecurityAndNewMedia,0,0,0,,0,,,
lab-of-a-penetration-tester,Lab of a Penetration Tester,Incident Response & Forensics,disabled,candidate,labofapenetrationtester.com,http://www.labofapenetrationtester.com/feeds/posts/default,0,0,0,,0,,,
fotis-blog,"Fotis' Blog",Incident Response & Forensics,disabled,candidate,fotis.loukos.me,http://fotis.loukos.me/blog/?feed=rss2,0,0,0,,0,,,
articles-on-podalirius,Articles on Podalirius,Incident Response & Forensics,disabled,candidate,podalirius.net,https://podalirius.net/en/articles/index.xml,0,0,0,,0,,,
immunity-services,Immunity Services,Incident Response & Forensics,disabled,candidate,immunityservices.blogspot.com,https://immunityservices.blogspot.com/feeds/posts/default,0,0,0,,0,,,
try,TRY博客,Incident Response & Forensics,disabled,candidate,nctry.com,https://www.nctry.com/feed,0,0,0,,0,,,
tw1sm,Tw1sm,Incident Response & Forensics,disabled,candidate,tw1sm.github.io,https://tw1sm.github.io/feed.xml,0,0,0,,0,,,
c99-sh,C99.sh,Incident Response & Forensics,disabled,candidate,c99.sh,https://c99.sh/feed/,0,0,0,,0,,,
ronnie-s-blog,"Ronnie's Blog",Incident Response & Forensics,disabled,candidate,blog.spookysec.net,https://blog.spookysec.net/feed,0,0,0,,0,,,
horizon3-ai,Horizon3.ai,Incident Response & Forensics,disabled,candidate,horizon3.ai,https://www.horizon3.ai/feed/,0,0,0,,0,,,
mayfly,Mayfly,Incident Response & Forensics,disabled,candidate,mayfly277.github.io,https://mayfly277.github.io/feed.xml,0,0,0,,0,,,
m3rcer-hacking-security-blog,m3rcer - Hacking/Security Blog,Incident Response & Forensics,disabled,candidate,m3rcer.github.io,https://m3rcer.github.io/feed.xml,0,0,0,,0,,,
zgao-s-blog,"Zgao's blog",Incident Response & Forensics,disabled,candidate,zgao.top,https://zgao.top/feed/,0,0,0,,0,,,
wiki-wiki-1,白帽Wiki - 一个简单的wiki,Incident Response & Forensics,disabled,candidate,key08.com,https://key08.com/index.php/feed/,0,0,0,,0,,,
northshad0w-s-blog,NorthShad0w’s Blog,Incident Response & Forensics,disabled,candidate,blog.northshad0w.com,https://blog.northshad0w.com/feed.xml,0,0,0,,0,,,
kleiton-kurti-personal-infosec-blog,Kleiton Kurti - Personal Infosec Blog,Incident Response & Forensics,disabled,candidate,kleiton0x00.github.io,https://kleiton0x00.github.io/feed,0,0,0,,0,,,
legacyy,Legacyy,Incident Response & Forensics,disabled,candidate,legacyy.xyz,http://legacyy.xyz/feed.xml,0,0,0,,0,,,
makemalware,MakeMalware,Incident Response & Forensics,disabled,candidate,makemalware.com,https://makemalware.com/index.xml,0,0,0,,0,,,
attl4s,ATTL4S,Incident Response & Forensics,disabled,candidate,attl4s.github.io,https://attl4s.github.io/feed,0,0,0,,0,,,
ewby,./ewby,Incident Response & Forensics,disabled,candidate,ewby.github.io,https://ewby.github.io/feed.xml,0,0,0,,0,,,
0r-nge,0r@nge の窝,Incident Response & Forensics,disabled,candidate,0range-x.github.io,https://0range-x.github.io/atom.xml,0,0,0,,0,,,
bs,bs,Incident Response & Forensics,disabled,candidate,br-sn.github.io,https://br-sn.github.io/feed.xml,0,0,0,,0,,,
security-on-the-edge,Security on the edge,Incident Response & Forensics,disabled,candidate,feeds.feedburner.com,http://feeds.feedburner.com/SecurityOnTheEdge,0,0,0,,0,,,
light-blue-touchpaper,Light Blue Touchpaper,Incident Response & Forensics,disabled,candidate,lightbluetouchpaper.org,https://www.lightbluetouchpaper.org/feed/,0,0,0,,0,,,
taosecurity-blog,TaoSecurity Blog,Incident Response & Forensics,disabled,candidate,taosecurity.blogspot.com,https://taosecurity.blogspot.com/feeds/posts/default?alt=rss,0,0,0,,0,,,
deadpixelsec,DeadPixelSec,Incident Response & Forensics,disabled,candidate,deadpixelsec.com,https://deadpixelsec.com/feed/,0,0,0,,0,,,
jayl1n-s-blog,"Jayl1n's Blog",Incident Response & Forensics,disabled,candidate,jayl1n.github.io,https://jayl1n.github.io/atom.xml,0,0,0,,0,,,
hackndo,hackndo,Incident Response & Forensics,disabled,candidate,beta.hackndo.com,https://beta.hackndo.com/feed.xml,0,0,0,,0,,,
doomsday-vault-articles,DoomsDay Vault - Articles,Incident Response & Forensics,disabled,candidate,x-c3ll.github.io,https://x-c3ll.github.io/rss.xml,0,0,0,,0,,,
jeremiah-grossman,Jeremiah Grossman,Incident Response & Forensics,disabled,candidate,feeds.feedburner.com,http://feeds.feedburner.com/JeremiahGrossman,0,0,0,,0,,,
attack-and-defense-labs,Attack and Defense Labs,Incident Response & Forensics,disabled,candidate,feeds.feedburner.com,http://feeds.feedburner.com/AttackAndDefenseLabs?format=xml,0,0,0,,0,,,
christophe-tafani-dereeper,Christophe Tafani-Dereeper,Incident Response & Forensics,disabled,candidate,blog.christophetd.fr,https://blog.christophetd.fr/feed/,0,0,0,,0,,,
ivan-s-it-learning-blog,"Ivan's IT learning blog",Incident Response & Forensics,disabled,candidate,ivanitlearning.wordpress.com,https://ivanitlearning.wordpress.com/feed/,0,0,0,,0,,,
shells-systems,Shells.Systems,Incident Response & Forensics,disabled,candidate,shells.systems,https://shells.systems/feed/,0,0,0,,0,,,
cfc4n,CFC4N的博客,Incident Response & Forensics,disabled,candidate,cnxct.com,https://www.cnxct.com/feed/,0,0,0,,0,,,
nuclear-atk-lcx-cc,Nuclear Atk(lcx.cc),Incident Response & Forensics,disabled,candidate,lcx.cc,https://lcx.cc/index.xml,0,0,0,,0,,,
e99p1ant,E99p1ant,Incident Response & Forensics,disabled,candidate,github.red,https://github.red/feed,0,0,0,,0,,,
k8-s-blog,K8哥哥’s Blog,Incident Response & Forensics,disabled,candidate,k8gege.org,https://k8gege.org/atom.xml,0,0,0,,0,,,
apt,专注APT攻击与防御,Incident Response & Forensics,disabled,candidate,micropoor.blogspot.com,https://micropoor.blogspot.com/feeds/posts/default?alt=rss,0,0,0,,0,,,
aabysszg-s-blog-c2,"AabyssZG's Blog - 苛刻条件下:C2上传执行骚姿势 的评论",Incident Response & Forensics,disabled,candidate,blog.zgsec.cn,https://blog.zgsec.cn/index.php/feed,0,0,0,,0,,,
pentesting,Pentesting,Incident Response & Forensics,disabled,candidate,reddit.com,https://www.reddit.com/r/Pentesting/.rss,0,0,0,,0,,,
kali-linux,Kali Linux,Incident Response & Forensics,disabled,candidate,kali.org,https://www.kali.org/rss.xml,0,0,0,,0,,,
red-team-security,Red Team Security,Incident Response & Forensics,disabled,candidate,reddit.com,https://www.reddit.com/r/redteamsec/.rss,0,0,0,,0,,,
blackploit-pentest,Blackploit [PenTest],Incident Response & Forensics,disabled,candidate,blackploit.com,http://www.blackploit.com/feeds/posts/default,0,0,0,,0,,,
podalirius,Podalirius,Incident Response & Forensics,disabled,candidate,podalirius.net,https://podalirius.net/en/index.xml,0,0,0,,0,,,
ethical-hacking-and-penetration-testing,Ethical hacking and penetration testing,Incident Response & Forensics,disabled,candidate,miloserdov.org,https://miloserdov.org/?feed=rss2,0,0,0,,0,,,
pwndefend,PwnDefend,Incident Response & Forensics,disabled,candidate,pwndefend.com,https://www.pwndefend.com/feed/,0,0,0,,0,,,
s3cur3th1ssh1t,S3cur3Th1sSh1t,Incident Response & Forensics,disabled,candidate,s3cur3th1ssh1t.github.io,https://s3cur3th1ssh1t.github.io/feed.xml,0,0,0,,0,,,
zsecurity,zSecurity,Incident Response & Forensics,disabled,candidate,zsecurity.org,https://zsecurity.org/feed/,0,0,0,,0,,,
bad-sector-labs-blog,Bad Sector Labs Blog,Incident Response & Forensics,disabled,candidate,blog.badsectorlabs.com,https://blog.badsectorlabs.com/feeds/all.atom.xml,0,0,0,,0,,,
threatninja-net,Threatninja.net,Incident Response & Forensics,disabled,candidate,threatninja.net,https://threatninja.net/feed/,0,0,0,,0,,,
hacking-tutorials,Hacking Tutorials,Incident Response & Forensics,disabled,candidate,hackingtutorials.org,https://www.hackingtutorials.org/feed/,0,0,0,,0,,,
pentester-academy-blog-medium,Pentester Academy Blog - Medium,Incident Response & Forensics,disabled,candidate,blog.pentesteracademy.com,https://blog.pentesteracademy.com/feed,0,0,0,,0,,,
kali-linux-tutorials,Kali Linux Tutorials,Incident Response & Forensics,disabled,candidate,kalilinuxtutorials.com,https://kalilinuxtutorials.com/feed/,0,0,0,,0,,,
vusec,vusec,Vendor Security Research,healthy,approved,vusec.net,https://www.vusec.net/feed/,4,20,150,200,0,2026-10-04T09:55:31.736Z,2026-10-04T09:54:23.141Z,
nisl-thu,NISL@THU,Vendor Security Research,healthy,approved,netsec.ccert.edu.cn,http://netsec.ccert.edu.cn/feed.xml,4,20,150,200,0,2026-10-04T09:55:31.736Z,2026-10-04T09:54:23.141Z,
hack-inn,Hack Inn,Vendor Security Research,healthy,approved,hackinn.com,https://www.hackinn.com/index.php/feed/,4,20,150,200,0,2026-10-04T09:55:31.736Z,2026-10-04T09:54:23.141Z,
muellis-blog,muellis blog,Vendor Security Research,healthy,approved,blogs.gnome.org,https://blogs.gnome.org/muelli/feed/,4,20,150,200,0,2026-10-04T09:55:31.736Z,2026-10-04T09:54:23.141Z,
latest-secunia-blog-entriessecunia-com,Latest Secunia Blog EntriesSecunia.com,Vendor Security Research,healthy,approved,secunia.com,http://secunia.com/blog_rss/blog.rss,4,20,150,200,0,2026-10-04T09:55:31.736Z,2026-10-04T09:54:23.141Z,
secdr,SecDr,Vendor Security Research,healthy,approved,secdr.github.io,http://secdr.github.io/atom.xml,4,20,150,200,0,2026-10-04T09:55:31.736Z,2026-10-04T09:54:23.141Z,
toooold,Toooold,Vendor Security Research,healthy,approved,toooold.com,https://toooold.com/feed.xml,4,20,150,200,0,2026-10-04T09:55:31.736Z,2026-10-04T09:54:23.141Z,
stories-by-sap-security-research-on-medium,Stories by SAP Security Research on Medium,Vendor Security Research,healthy,approved,medium.com,https://medium.com/feed/@sap.security.research,4,20,150,200,0,2026-10-04T09:55:31.736Z,2026-10-04T09:54:23.141Z,
0xacb,0xacb,Vendor Security Research,healthy,approved,0xacb.com,https://0xacb.com/feed.xml,4,20,150,200,0,2026-10-04T09:55:31.736Z,2026-10-04T09:54:23.141Z,
s-amp-p,S&amp;P,Vendor Security Research,healthy,approved,rsshub.app,https://rsshub.app/ieee-security/security-privacy,4,20,150,200,0,2026-10-04T09:55:31.736Z,2026-10-04T09:54:23.141Z,
usenix,USENIX,Vendor Security Research,healthy,approved,rsshub.app,https://rsshub.app/usenix/usenix-security-sympoium,4,20,150,200,0,2026-10-04T09:55:31.736Z,2026-10-04T09:54:23.141Z,
ndss,NDSS,Vendor Security Research,healthy,approved,rsshub.app,https://rsshub.app/ndss-symposium/ndss,4,20,150,200,0,2026-10-04T09:55:31.736Z,2026-10-04T09:54:23.141Z,
acm-ccs,ACM CCS,Vendor Security Research,healthy,approved,rsshub.app,https://rsshub.app/sigsac/ccs,4,20,150,200,0,2026-10-04T09:55:31.736Z,2026-10-04T09:54:23.141Z,
ieee-transactions-on-information-forensics-and-security,IEEE Transactions on Information Forensics and Security,Vendor Security Research,healthy,approved,rsshub.app,https://rsshub.app/ieee/journal/10206,4,20,150,200,0,2026-10-04T09:55:31.736Z,2026-10-04T09:54:23.141Z,
ieee-transactions-on-dependable-and-secure-computing,IEEE Transactions on Dependable and Secure Computing,Vendor Security Research,healthy,approved,rsshub.app,https://rsshub.app/ieee/journal/8858,4,20,150,200,0,2026-10-04T09:55:31.736Z,2026-10-04T09:54:23.141Z,
adam-doup,Adam Doupé,Vendor Security Research,healthy,approved,adamdoupe.com,https://adamdoupe.com/atom.xml,4,20,150,200,0,2026-10-04T09:55:31.736Z,2026-10-04T09:54:23.141Z,
suyoung-lee,Suyoung Lee,Vendor Security Research,healthy,approved,leeswimming.com,https://leeswimming.com/feed.xml,4,20,150,200,0,2026-10-04T09:55:31.736Z,2026-10-04T09:54:23.141Z,
main-is-usually-a-function,main is usually a function,Malware & Ransomware Research,healthy,approved,mainisusuallyafunction.blogspot.com,http://mainisusuallyafunction.blogspot.com/feeds/posts/default,4,20,150,200,0,2026-10-04T09:55:31.736Z,2026-10-04T09:54:23.141Z,
retme,Retme的未来道具研究所,Malware & Ransomware Research,healthy,approved,retme.net,http://retme.net/index.php/feed/,4,20,150,200,0,2026-10-04T09:55:31.736Z,2026-10-04T09:54:23.141Z,
didier-stevens,Didier Stevens,Malware & Ransomware Research,healthy,approved,blog.didierstevens.com,https://blog.didierstevens.com/feed/,4,20,150,200,0,2026-10-04T09:55:31.736Z,2026-10-04T09:54:23.141Z,
binary-ninja,Binary Ninja,Malware & Ransomware Research,healthy,approved,binary.ninja,https://binary.ninja/feed.xml,4,20,150,200,0,2026-10-04T09:55:31.736Z,2026-10-04T09:54:23.141Z,
hasherezade-s-1001-nights,"hasherezade's 1001 nights",Malware & Ransomware Research,healthy,approved,hshrzd.wordpress.com,https://hshrzd.wordpress.com/feed/,4,20,150,200,0,2026-10-04T09:55:31.736Z,2026-10-04T09:54:23.141Z,
ret2-systems-blog,RET2 Systems Blog,Malware & Ransomware Research,healthy,approved,blog.ret2.io,https://blog.ret2.io/feed.xml,4,20,150,200,0,2026-10-04T09:55:31.736Z,2026-10-04T09:54:23.141Z,
vlad-tsyrklevich-s-blog,"Vlad Tsyrklevich's blog",Malware & Ransomware Research,healthy,approved,tsyrklevich.net,http://tsyrklevich.net/feed.xml,4,20,150,200,0,2026-10-04T09:55:31.736Z,2026-10-04T09:54:23.141Z,
rewolf-s-blog,"ReWolf's blog",Malware & Ransomware Research,healthy,approved,blog.rewolf.pl,http://blog.rewolf.pl/blog/?feed=rss2,4,20,150,200,0,2026-10-04T09:55:31.736Z,2026-10-04T09:54:23.141Z,
malware-forensics-security,MALware FORensics SECurity,Malware & Ransomware Research,healthy,approved,malforsec.blogspot.com,http://malforsec.blogspot.com/feeds/posts/default,4,20,150,200,0,2026-10-04T09:55:31.736Z,2026-10-04T09:54:23.141Z,
x9090-s-blog,"x9090's Blog",Malware & Ransomware Research,healthy,approved,x9090.blogspot.com,http://x9090.blogspot.com/feeds/posts/default,4,20,150,200,0,2026-10-04T09:55:31.736Z,2026-10-04T09:54:23.141Z,
the-security-shoggoth,The Security Shoggoth,Malware & Ransomware Research,healthy,approved,secshoggoth.blogspot.com,http://secshoggoth.blogspot.com/feeds/posts/default,4,20,150,200,0,2026-10-04T09:55:31.736Z,2026-10-04T09:54:23.141Z,
source-189,屌丝归档笔记,Malware & Ransomware Research,healthy,approved,0cx.cc,http://0cx.cc/feed/,4,20,150,200,0,2026-10-04T09:55:31.736Z,2026-10-04T09:54:23.141Z,
blog-of-osanda,🔐Blog of Osanda,Malware & Ransomware Research,healthy,approved,osandamalith.com,https://osandamalith.com/feed/,4,20,150,200,0,2026-10-04T09:55:31.736Z,2026-10-04T09:54:23.141Z,
tavis-ormandy,Tavis Ormandy,Malware & Ransomware Research,healthy,approved,blog.cmpxchg8b.com,http://blog.cmpxchg8b.com/feeds/posts/default,4,20,150,200,0,2026-10-04T09:55:31.736Z,2026-10-04T09:54:23.141Z,
diary-of-a-reverse-engineer,Diary of a reverse-engineer,Malware & Ransomware Research,healthy,approved,doar-e.github.io,https://doar-e.github.io/feeds/atom.xml,4,20,150,200,0,2026-10-04T09:55:31.736Z,2026-10-04T09:54:23.141Z,
my-infected-computer,My infected computer,Malware & Ransomware Research,healthy,approved,zairon.wordpress.com,http://zairon.wordpress.com/feed/,4,20,150,200,0,2026-10-04T09:55:31.736Z,2026-10-04T09:54:23.141Z,
luoyesiqiu,博客园 - luoyesiqiu,Malware & Ransomware Research,healthy,approved,feed.cnblogs.com,http://feed.cnblogs.com/blog/u/449248/rss/,4,20,150,200,0,2026-10-04T09:55:31.736Z,2026-10-04T09:54:23.141Z,
cyber-wtf,cyber.wtf,Malware & Ransomware Research,healthy,approved,cyber.wtf,https://cyber.wtf/feed/,4,20,150,200,0,2026-10-04T09:55:31.736Z,2026-10-04T09:54:23.141Z,
hacking-the-planet,Hacking the planet...,Malware & Ransomware Research,healthy,approved,hexkyz.blogspot.com,http://hexkyz.blogspot.com/feeds/posts/default,4,20,150,200,0,2026-10-04T09:55:31.736Z,2026-10-04T09:54:23.141Z,
kerner-on-security,Kerner on Security,Malware & Ransomware Research,healthy,approved,kerneronsec.com,http://www.kerneronsec.com/feeds/posts/default,4,20,150,200,0,2026-10-04T09:55:31.736Z,2026-10-04T09:54:23.141Z,
shortjump,Shortjump!,Malware & Ransomware Research,healthy,approved,0xeb.net,http://0xeb.net/feed/,4,20,150,200,0,2026-10-04T09:55:31.736Z,2026-10-04T09:54:23.141Z,
vmray,VMRay,Malware & Ransomware Research,healthy,approved,vmray.com,https://www.vmray.com/feed/,4,20,150,200,0,2026-10-04T09:55:31.736Z,2026-10-04T09:54:23.141Z,
the-recurity-lablog,The Recurity Lablog,Malware & Ransomware Research,healthy,approved,blog.recurity-labs.com,https://blog.recurity-labs.com/atom.xml,4,20,150,200,0,2026-10-04T09:55:31.736Z,2026-10-04T09:54:23.141Z,
source-190,新浪博客,Malware & Ransomware Research,healthy,approved,blog.sina.com.cn,http://blog.sina.com.cn/rss/1998123724.xml,4,20,150,200,0,2026-10-04T09:55:31.736Z,2026-10-04T09:54:23.141Z,
brendan-gregg-s-blog,"Brendan Gregg's Blog",Malware & Ransomware Research,healthy,approved,brendangregg.com,http://www.brendangregg.com/blog/rss.xml,4,20,150,200,0,2026-10-04T09:55:31.736Z,2026-10-04T09:54:23.141Z,
source-191,博客园 - 我是小三,Malware & Ransomware Research,healthy,approved,cnblogs.com,http://www.cnblogs.com/2014asm/rss,4,20,150,200,0,2026-10-04T09:55:31.736Z,2026-10-04T09:54:23.141Z,
vulnerable-security,Vulnerable Security,Malware & Ransomware Research,healthy,approved,vulnsec.com,http://vulnsec.com/feed.xml,4,20,150,200,0,2026-10-04T09:55:31.736Z,2026-10-04T09:54:23.141Z,
quarkslab-s-blog,"Quarkslab's blog",Malware & Ransomware Research,healthy,approved,blog.quarkslab.com,https://blog.quarkslab.com/feeds/all.rss.xml,4,20,150,200,0,2026-10-04T09:55:31.736Z,2026-10-04T09:54:23.141Z,
ccc-event-blog,CCC Event Blog,Malware & Ransomware Research,healthy,approved,events.ccc.de,https://events.ccc.de/feed/,4,20,150,200,0,2026-10-04T09:55:31.736Z,2026-10-04T09:54:23.141Z,
hexacorn,Hexacorn,Malware & Ransomware Research,healthy,approved,hexacorn.com,http://www.hexacorn.com/blog/feed/,4,20,150,200,0,2026-10-04T09:55:31.736Z,2026-10-04T09:54:23.141Z,
add-xor-rol,ADD / XOR / ROL,Malware & Ransomware Research,healthy,approved,addxorrol.blogspot.com,http://addxorrol.blogspot.com/feeds/posts/default,4,20,150,200,0,2026-10-04T09:55:31.736Z,2026-10-04T09:54:23.141Z,
cawan-s-blog,"cawan's blog",Malware & Ransomware Research,healthy,approved,cawanblog.blogspot.com,http://cawanblog.blogspot.com/feeds/posts/default,4,20,150,200,0,2026-10-04T09:55:31.736Z,2026-10-04T09:54:23.141Z,
firmware-hacking,Firmware hacking,Malware & Ransomware Research,healthy,approved,fwhacking.blogspot.com,http://fwhacking.blogspot.com/feeds/posts/default,4,20,150,200,0,2026-10-04T09:55:31.736Z,2026-10-04T09:54:23.141Z,
evonide-s-information-security-blog,"Evonide's Information Security Blog",Malware & Ransomware Research,healthy,approved,evonide.com,https://www.evonide.com/feed/,4,20,150,200,0,2026-10-04T09:55:31.736Z,2026-10-04T09:54:23.141Z,
ly0n-me,ly0n.me,Malware & Ransomware Research,healthy,approved,ly0n.me,http://ly0n.me/feed/,4,20,150,200,0,2026-10-04T09:55:31.736Z,2026-10-04T09:54:23.141Z,
technical-posts-archives-stormshield,Technical posts Archives - Stormshield,Malware & Ransomware Research,healthy,approved,thisissecurity.stormshield.com,https://thisissecurity.stormshield.com/feed/,4,20,150,200,0,2026-10-04T09:55:31.736Z,2026-10-04T09:54:23.141Z,
avl-team,AVL Team,Malware & Ransomware Research,healthy,approved,blog.avlsec.com,http://blog.avlsec.com/feed/,4,20,150,200,0,2026-10-04T09:55:31.736Z,2026-10-04T09:54:23.141Z,
poacher-s-blog,"Poacher's Blog",Malware & Ransomware Research,healthy,approved,bugsafe.cn,http://www.bugsafe.cn/feed/,4,20,150,200,0,2026-10-04T09:55:31.736Z,2026-10-04T09:54:23.141Z,
rootkiter,rootkiter,Malware & Ransomware Research,healthy,approved,rootkiter.com,http://rootkiter.com/atom.xml,4,20,150,200,0,2026-10-04T09:55:31.736Z,2026-10-04T09:54:23.141Z,
trustlook-blog,Trustlook blog,Malware & Ransomware Research,healthy,approved,blog.trustlook.com,http://blog.trustlook.com/feed/,4,20,150,200,0,2026-10-04T09:55:31.736Z,2026-10-04T09:54:23.141Z,
pzhxbz,pzhxbz的技术笔记本,Malware & Ransomware Research,healthy,approved,pzhxbz.cn,http://pzhxbz.cn/?feed=rss2,4,20,150,200,0,2026-10-04T09:55:31.736Z,2026-10-04T09:54:23.141Z,
hack-the-world,Hack The World,Malware & Ransomware Research,healthy,approved,jcjc-dev.com,http://jcjc-dev.com/atom.xml,4,20,150,200,0,2026-10-04T09:55:31.736Z,2026-10-04T09:54:23.141Z,
malwarebytes,Malwarebytes,Malware & Ransomware Research,healthy,approved,blog.malwarebytes.org,http://blog.malwarebytes.org/feed/,4,20,150,200,0,2026-10-04T09:55:31.736Z,2026-10-04T09:54:23.141Z,
malware-traffic-analysis-net-blog-entries,Malware-Traffic-Analysis.net - Blog Entries,Malware & Ransomware Research,healthy,approved,malware-traffic-analysis.net,http://malware-traffic-analysis.net/blog-entries.rss,4,20,150,200,0,2026-10-04T09:55:31.736Z,2026-10-04T09:54:23.141Z,
nul-pw,nul.pw,Malware & Ransomware Research,healthy,approved,nul.pw,http://www.nul.pw/feed/,4,20,150,200,0,2026-10-04T09:55:31.736Z,2026-10-04T09:54:23.141Z,
magictong,magictong的专栏,Malware & Ransomware Research,healthy,approved,blog.csdn.net,http://blog.csdn.net/magictong/rss/list,4,20,150,200,0,2026-10-04T09:55:31.736Z,2026-10-04T09:54:23.141Z,
sergioprado-blog,sergioprado.blog,Malware & Ransomware Research,healthy,approved,embeddedbits.org,https://embeddedbits.org/index.xml,4,20,150,200,0,2026-10-04T09:55:31.736Z,2026-10-04T09:54:23.141Z,
reverse-engineering,Reverse Engineering,Malware & Ransomware Research,healthy,approved,reverse.put.as,https://reverse.put.as/index.xml,4,20,150,200,0,2026-10-04T09:55:31.736Z,2026-10-04T09:54:23.141Z,
comments-on-hex-rays-blog,Comments on: Hex-Rays Blog,Malware & Ransomware Research,healthy,approved,hexblog.com,http://hexblog.com/index.xml,4,20,150,200,0,2026-10-04T09:55:31.736Z,2026-10-04T09:54:23.141Z,
source-192,ρ,Malware & Ransomware Research,healthy,approved,rh0dev.github.io,http://rh0dev.github.io/atom.xml,4,20,150,200,0,2026-10-04T09:55:31.736Z,2026-10-04T09:54:23.141Z,
crazyleen,crazyleen专栏,Malware & Ransomware Research,disabled,candidate,blog.csdn.net,http://blog.csdn.net/crazyleen/rss/list,0,0,0,,0,,,
bitdefender-labs,Bitdefender Labs,Malware & Ransomware Research,disabled,candidate,bitdefender.com,https://www.bitdefender.com/blog/api/rss/labs/,0,0,0,,0,,,
sentinelone-1,SentinelOne,Malware & Ransomware Research,disabled,candidate,sentinelone.com,https://www.sentinelone.com/feed/,0,0,0,,0,,,
green-m-s-blog,"Green_m's blog",Malware & Ransomware Research,disabled,candidate,green-m.me,https://green-m.me/feed.xml,0,0,0,,0,,,
android-cracking-1,android cracking,Malware & Ransomware Research,disabled,candidate,feeds.feedburner.com,http://feeds.feedburner.com/AndroidCracking,0,0,0,,0,,,
malwarejake,MalwareJake,Malware & Ransomware Research,disabled,candidate,malwarejake.blogspot.com,http://malwarejake.blogspot.com/feeds/posts/default,0,0,0,,0,,,
aris-blog,"Aris' Blog",Malware & Ransomware Research,disabled,candidate,blog.0xbadc0de.be,http://blog.0xbadc0de.be/feed,0,0,0,,0,,,
travis-goodspeed-s-blog,"Travis Goodspeed's Blog",Malware & Ransomware Research,disabled,candidate,travisgoodspeed.blogspot.com,http://travisgoodspeed.blogspot.com/feeds/posts/default,0,0,0,,0,,,
yuki-blog,yukiの萌え萌えBlog,Malware & Ransomware Research,disabled,candidate,blog.sina.com.cn,http://blog.sina.com.cn/rss/1874932054.xml,0,0,0,,0,,,
the-vulnerable-space,The Vulnerable Space,Malware & Ransomware Research,disabled,candidate,vulnerablespace.blogspot.com,http://vulnerablespace.blogspot.com/feeds/posts/default,0,0,0,,0,,,
reverse-engineering-1,Reverse Engineering,Malware & Ransomware Research,disabled,candidate,reddit.com,http://www.reddit.com/r/ReverseEngineering/.rss,0,0,0,,0,,,
embedded-in-academia,Embedded in Academia,Malware & Ransomware Research,disabled,candidate,blog.regehr.org,http://blog.regehr.org/feed,0,0,0,,0,,,
malwaretech,MalwareTech,Malware & Ransomware Research,disabled,candidate,malwaretech.com,http://www.malwaretech.com/feeds/posts/default,0,0,0,,0,,,
securityresear-ch,securityresear.ch,Malware & Ransomware Research,disabled,candidate,securityresear.ch,https://securityresear.ch/feed.xml,0,0,0,,0,,,
the-bap-blog,The BAP Blog,Malware & Ransomware Research,disabled,candidate,feed43.com,http://feed43.com/3078744558678360.xml,0,0,0,,0,,,
zer0mem,"'@zer0mem",Malware & Ransomware Research,disabled,candidate,zer0mem.sk,http://www.zer0mem.sk/?feed=rss2,0,0,0,,0,,,
lightbulbone,LightBulbOne,Malware & Ransomware Research,disabled,candidate,lightbulbone.com,https://lightbulbone.com/index.xml,0,0,0,,0,,,
the-security-shoggoth-1,The Security Shoggoth,Malware & Ransomware Research,disabled,candidate,feeds.feedburner.com,http://feeds.feedburner.com/TheSecurityShoggoth,0,0,0,,0,,,
the-electron-jungle-reverse-engineering-hacking-fuzzing-and-more,"The Electron Jungle • Reverse engineering, hacking, fuzzing, and more",Malware & Ransomware Research,disabled,candidate,theelectronjungle.com,http://theelectronjungle.com/feed.xml,0,0,0,,0,,,
blogs-on-kryptos-logic,Blogs on Kryptos Logic,Malware & Ransomware Research,disabled,candidate,kryptoslogic.com,https://www.kryptoslogic.com/blog/index.xml,0,0,0,,0,,,
blog-tetrane-com,blog.tetrane.com,Malware & Ransomware Research,disabled,candidate,blog.tetrane.com,https://blog.tetrane.com/feed.xml,0,0,0,,0,,,
whklhhhh,whklhhhh的博客,Malware & Ransomware Research,disabled,candidate,blog.csdn.net,https://blog.csdn.net/whklhhhh/rss/list,0,0,0,,0,,,
blog-3,Blog,Application & Web Security,healthy,approved,blog.gdssecurity.com,http://blog.gdssecurity.com/labs/atom.xml,4,20,150,200,0,2026-10-04T09:55:31.736Z,2026-10-04T09:54:23.141Z,
afant1,博客园 - Afant1,Application & Web Security,healthy,approved,feed.cnblogs.com,http://feed.cnblogs.com/blog/u/401056/rss/,4,20,150,200,0,2026-10-04T09:55:31.736Z,2026-10-04T09:54:23.141Z,
sonar-blog,Sonar Blog,Application & Web Security,healthy,approved,sonarsource.com,https://www.sonarsource.com/rss.xml,4,20,150,200,0,2026-10-04T09:55:31.736Z,2026-10-04T09:54:23.141Z,
rbleug,RBleug,Application & Web Security,healthy,approved,regilero.github.io,https://regilero.github.io/feed.xml,4,20,150,200,0,2026-10-04T09:55:31.736Z,2026-10-04T09:54:23.141Z,
random-dross,random dross,Application & Web Security,healthy,approved,randomdross.blogspot.com,http://randomdross.blogspot.com/feeds/posts/default,4,20,150,200,0,2026-10-04T09:55:31.736Z,2026-10-04T09:54:23.141Z,
aws-security-bulletins,AWS Security Bulletins,Cloud & Identity Security,healthy,approved,aws.amazon.com,https://aws.amazon.com/security/security-bulletins/feed/,155,175,562,200,0,2026-10-04T09:55:31.736Z,"Tue, 22 Sep 2026 19:49:10 +0000",
attackiq-threat-research,AttackIQ Threat Research,Incident Response & Forensics,disabled,quarantined,attackiq.com,,5,25,769,403,1,2026-09-26T15:50:00.000Z,2026-09-24T12:50:00.000Z,HTTP 403 Forbidden
varonis-cyber-blog,Varonis Cyber Blog,Cloud & Identity Security,healthy,approved,varonis.com,https://www.varonis.com/blog/rss.xml,25,45,263,200,0,2026-10-04T09:55:31.736Z,"Fri, 25 Sep 2026 18:27:54 GMT",
daniel-miessler-security,Daniel Miessler Unsupervised Learning,Independent Researchers,healthy,approved,danielmiessler.com,https://danielmiessler.com/feed/,185,205,547,200,0,2026-10-04T09:55:31.736Z,2026-09-28T23:12:53.000Z,
cyber-security-news-feed,Cyber Security News (CSN),Cybersecurity News,healthy,approved,cybersecuritynews.com,https://cybersecuritynews.com/feed/,26,46,770,200,0,2026-10-04T09:55:31.736Z,2026-09-29T10:18:37.000Z,
